#
# A fatal error has been detected by the Java Runtime Environment:
#
#  EXCEPTION_ACCESS_VIOLATION (0xc0000005) at pc=0x00007ff805c47d04, pid=18316, tid=19400
#
# JRE version: OpenJDK Runtime Environment (21.0.9) (build 21.0.9+-14787801-b1163.94)
# Java VM: OpenJDK 64-Bit Server VM (21.0.9+-14787801-b1163.94, mixed mode, tiered, compressed oops, compressed class ptrs, g1 gc, windows-amd64)
# Problematic frame:
# V  [jvm.dll+0x387d04]
#
# No core dump will be written. Minidumps are not enabled by default on client versions of Windows
#
# If you would like to submit a bug report, please visit:
#   https://youtrack.jetbrains.com/issues/JBR
#

---------------  S U M M A R Y ------------

Command Line: --add-opens=java.base/java.util=ALL-UNNAMED --add-opens=java.base/java.lang=ALL-UNNAMED --add-opens=java.base/java.lang.invoke=ALL-UNNAMED --add-opens=java.prefs/java.util.prefs=ALL-UNNAMED --add-opens=java.base/java.nio.charset=ALL-UNNAMED --add-opens=java.base/java.net=ALL-UNNAMED --add-opens=java.base/java.util.concurrent.atomic=ALL-UNNAMED -Xmx1536m -Dfile.encoding=UTF-8 -Duser.country=FR -Duser.language=fr -Duser.variant -javaagent:C:\Users\ibtis\.gradle\wrapper\dists\gradle-8.7-all\aan3ydargesu18aqyqjwhr3pc\gradle-8.7\lib\agents\gradle-instrumentation-agent-8.7.jar org.gradle.launcher.daemon.bootstrap.GradleDaemon 8.7

Host: Intel(R) Core(TM) i5-1035G1 CPU @ 1.00GHz, 8 cores, 11G,  Windows 11 , 64 bit Build 26100 (10.0.26100.8328)
Time: Thu Jun  4 23:32:08 2026 elapsed time: 20.087938 seconds (0d 0h 0m 20s)

---------------  T H R E A D  ---------------

Current thread (0x00000235dac7cbd0):  JavaThread "C2 CompilerThread1" daemon [_thread_in_native, id=19400, stack(0x00000092db700000,0x00000092db800000) (1024K)]


Current CompileTask:
C2:20088 8275       4       sun.reflect.generics.parser.SignatureParser::parsePackageNameAndSimpleClassTypeSignature (119 bytes)

Stack: [0x00000092db700000,0x00000092db800000],  sp=0x00000092db7fcac0,  free space=1010k
Native frames: (J=compiled Java code, j=interpreted, Vv=VM code, C=native code)
V  [jvm.dll+0x387d04]
V  [jvm.dll+0x387f18]
V  [jvm.dll+0x385357]
V  [jvm.dll+0x384b1a]
V  [jvm.dll+0x249462]
V  [jvm.dll+0x248a31]
V  [jvm.dll+0x1c7344]
V  [jvm.dll+0x2581ae]
V  [jvm.dll+0x2566f6]
V  [jvm.dll+0x3f48a6]
V  [jvm.dll+0x80f118]
V  [jvm.dll+0x6d54ed]
C  [ucrtbase.dll+0x37b0]
C  [KERNEL32.DLL+0x2e957]
C  [ntdll.dll+0x427c]


siginfo: EXCEPTION_ACCESS_VIOLATION (0xc0000005), ExceptionInformation=0x0000000000000003 0x0000000000000000


Registers:
RAX=0x0000000000000001, RBX=0x0000000000000003, RCX=0x00000235e27b89a8, RDX=0x0000000000000000
RSP=0x00000092db7fcac0, RBP=0x00008335e387fd40, RSI=0x00000235e27b89a8, RDI=0x00000235e27ba1e8
R8 =0x0000000000000000, R9 =0x0000000000000000, R10=0x00000235e2810de0, R11=0x00000235e2810e00
R12=0x00000000000000a8, R13=0x00000235e3880658, R14=0x00000235e3880650, R15=0x00000092db7fd040
RIP=0x00007ff805c47d04, EFLAGS=0x0000000000010293

XMM[0]=0x0000000000000000 0x0000000000000000
XMM[1]=0x00000235e2557af8 0x00000235e2222708
XMM[2]=0x00000235e27b89a8 0x00000235e2559ad0
XMM[3]=0x0000000000000000 0x0000000000000000
XMM[4]=0x0000000000000000 0x0000000000000000
XMM[5]=0x00000235e255b2a0 0x00000235e255a558
XMM[6]=0x0000000000000000 0x0000000000000000
XMM[7]=0x0000000000000000 0x0000000000000000
XMM[8]=0x0000000000000000 0x0000000000000000
XMM[9]=0x0000000000000000 0x0000000000000000
XMM[10]=0x0000000000000000 0x0000000000000000
XMM[11]=0x0000000000000000 0x0000000000000000
XMM[12]=0x0000000000000000 0x0000000000000000
XMM[13]=0x0000000000000000 0x0000000000000000
XMM[14]=0x0000000000000000 0x0000000000000000
XMM[15]=0x0000000000000000 0x0000000000000000
  MXCSR=0x00001fa0


Register to memory mapping:

RAX=0x0000000000000001 is an unknown value
RBX=0x0000000000000003 is an unknown value
RCX=0x00000235e27b89a8 points into unknown readable memory: 0x00007ff8061b1460 | 60 14 1b 06 f8 7f 00 00
RDX=0x0 is null
RSP=0x00000092db7fcac0 is pointing into the stack for thread: 0x00000235dac7cbd0
RBP=0x00008335e387fd40 is an unknown value
RSI=0x00000235e27b89a8 points into unknown readable memory: 0x00007ff8061b1460 | 60 14 1b 06 f8 7f 00 00
RDI=0x00000235e27ba1e8 points into unknown readable memory: 0x00007ff8061f8a00 | 00 8a 1f 06 f8 7f 00 00
R8 =0x0 is null
R9 =0x0 is null
R10=0x00000235e2810de0 points into unknown readable memory: 0x00000235e2222708 | 08 27 22 e2 35 02 00 00
R11=0x00000235e2810e00 points into unknown readable memory: 0x00000235e27b89a8 | a8 89 7b e2 35 02 00 00
R12=0x00000000000000a8 is an unknown value
R13=0x00000235e3880658 points into unknown readable memory: 0x000000000000000a | 0a 00 00 00 00 00 00 00
R14=0x00000235e3880650 points into unknown readable memory: 0x00008335e387fd40 | 40 fd 87 e3 35 83 00 00
R15=0x00000092db7fd040 is pointing into the stack for thread: 0x00000235dac7cbd0

Top of Stack: (sp=0x00000092db7fcac0)
0x00000092db7fcac0:   0000000000000003 00000235e27b89a8
0x00000092db7fcad0:   00000235e444dca8 00007ff805c47215
0x00000092db7fcae0:   00000235e38485e0 00000235e3880598
0x00000092db7fcaf0:   00000000000000a9 00000000000000a8
0x00000092db7fcb00:   000000000000001a 00007ff805c47f18
0x00000092db7fcb10:   00000092db7fd040 00000000000000ee
0x00000092db7fcb20:   0000000000002b94 00000092db7fd040
0x00000092db7fcb30:   000000000000294e 00000235e39c56e0
0x00000092db7fcb40:   0000000000000000 00000235e16c84e8
0x00000092db7fcb50:   00000235e16c5a70 00000092db7fd040
0x00000092db7fcb60:   0000000000002309 00000092db7fcc80
0x00000092db7fcb70:   00000000000001d0 00007ff805c45357
0x00000092db7fcb80:   00000092db7fd040 00000092db7fcc18
0x00000092db7fcb90:   00000000000000a9 00000235e25b5d10
0x00000092db7fcba0:   0000000000000000 0000000000000000
0x00000092db7fcbb0:   0000000000000000 000000000000000e
0x00000092db7fcbc0:   0000000000000000 0000000000000010
0x00000092db7fcbd0:   00000000000211c0 00000235c1790000
0x00000092db7fcbe0:   0000000000000000 0000000000000000
0x00000092db7fcbf0:   0000000000000003 0000000000000000
0x00000092db7fcc00:   0000000000000000 00007ff85f847010
0x00000092db7fcc10:   00000000000003ff 0000023500000200
0x00000092db7fcc20:   00000235e1680830 0000023500000200
0x00000092db7fcc30:   00000235e39c56e0 00000235e16c0500
0x00000092db7fcc40:   00000000001c3a90 0000000000000000
0x00000092db7fcc50:   000000000000211d 0000000000000000
0x00000092db7fcc60:   0000000039000831 0000000000000000
0x00000092db7fcc70:   00000000000003ff 00007ff85d0e1d21
0x00000092db7fcc80:   00000092db7fcd98 0000000000000000
0x00000092db7fcc90:   0000000000000000 00000235c1790000
0x00000092db7fcca0:   00007ff8060cfb00 0000000000000000
0x00000092db7fccb0:   0000000000000010 00007ff85d0e1d21 

Instructions: (pc=0x00007ff805c47d04)
0x00007ff805c47c04:   bb ec ff 4c 8b 64 24 70 4c 8b 6c 24 78 48 8b 9c
0x00007ff805c47c14:   24 80 00 00 00 48 83 c4 40 41 5f 41 5e 5f 5e 5d
0x00007ff805c47c24:   c3 48 8b 8b 68 01 00 00 48 8d 15 3d 4d 5f 00 45
0x00007ff805c47c34:   33 c0 e8 05 22 e6 ff 48 8d 15 2e 4d 5f 00 48 8b
0x00007ff805c47c44:   cb eb bb 4c 8d 0d ba 4c 5f 00 ba 80 05 00 00 4c
0x00007ff805c47c54:   8d 05 c6 4c 5f 00 48 8d 0d e7 4c 5f 00 e8 3a 8a
0x00007ff805c47c64:   ef ff cc cc cc cc cc cc cc cc cc cc 48 89 5c 24
0x00007ff805c47c74:   10 48 89 6c 24 18 48 89 74 24 20 48 89 4c 24 08
0x00007ff805c47c84:   57 41 54 41 55 41 56 41 57 48 83 ec 20 8b 5a 28
0x00007ff805c47c94:   49 8b f8 48 8b ea 4c 8b f9 3b 59 68 72 0b 8b d3
0x00007ff805c47ca4:   48 83 c1 68 e8 33 6c db ff 49 8b 47 78 48 89 3c
0x00007ff805c47cb4:   d8 8b 5f 28 ff cb 3b 5f 18 73 0a 48 8b 47 20 48
0x00007ff805c47cc4:   8b 34 d8 eb 02 33 f6 48 8b 06 48 8b ce ff 50 20
0x00007ff805c47cd4:   48 3b c6 74 03 2b 5f 48 4c 8b c5 48 8d 4f 10 8b
0x00007ff805c47ce4:   d3 e8 c6 bd 32 00 ff 47 28 4c 8b 75 10 8b 45 20
0x00007ff805c47cf4:   4d 8d 2c c6 4d 3b f5 0f 83 91 00 00 00 49 8b 2e
0x00007ff805c47d04:   8b 45 2c 24 0f 3c 08 75 78 48 8b 44 24 50 8b 5d
0x00007ff805c47d14:   28 48 8b 40 78 48 8b 0c d8 48 3b cf 74 63 48 85
0x00007ff805c47d24:   c9 74 0b 48 8b d5 e8 51 65 db ff 8b 5d 28 41 3b
0x00007ff805c47d34:   5f 68 72 0b 8b d3 49 8d 4f 68 e8 9d 6b db ff 49
0x00007ff805c47d44:   8b 47 78 8b cb 48 89 3c c8 8b 5f 28 ff cb 3b 5f
0x00007ff805c47d54:   18 73 0a 48 8b 47 20 48 8b 34 d8 eb 02 33 f6 48
0x00007ff805c47d64:   8b 06 48 8b ce ff 50 20 48 3b c6 74 03 2b 5f 48
0x00007ff805c47d74:   4c 8b c5 48 8d 4f 10 8b d3 e8 2e bd 32 00 ff 47
0x00007ff805c47d84:   28 49 83 c6 08 4d 3b f5 0f 82 6f ff ff ff 48 8b
0x00007ff805c47d94:   5c 24 58 48 8b 6c 24 60 48 8b 74 24 68 48 83 c4
0x00007ff805c47da4:   20 41 5f 41 5e 41 5d 41 5c 5f c3 cc 48 89 54 24
0x00007ff805c47db4:   10 48 89 4c 24 08 53 55 56 57 41 54 41 55 41 56
0x00007ff805c47dc4:   41 57 48 83 ec 28 48 8b 41 08 48 8b f1 ba 08 00
0x00007ff805c47dd4:   00 00 8b a8 50 02 00 00 2b a8 78 02 00 00 83 c5
0x00007ff805c47de4:   08 8b cd e8 64 9d 01 00 4c 8b f8 85 ed 7e 11 44
0x00007ff805c47df4:   8b c5 33 d2 49 c1 e0 03 48 8b c8 e8 0e 02 51 00 


Stack slot to memory mapping:

stack at sp + 0 slots: 0x0000000000000003 is an unknown value
stack at sp + 1 slots: 0x00000235e27b89a8 points into unknown readable memory: 0x00007ff8061b1460 | 60 14 1b 06 f8 7f 00 00
stack at sp + 2 slots: 0x00000235e444dca8 points into unknown readable memory: 0x00007ff8061f4548 | 48 45 1f 06 f8 7f 00 00
stack at sp + 3 slots: 0x00007ff805c47215 jvm.dll
stack at sp + 4 slots: 0x00000235e38485e0 points into unknown readable memory: 0x00000235e15bbf78 | 78 bf 5b e1 35 02 00 00
stack at sp + 5 slots: 0x00000235e3880598 points into unknown readable memory: 0x00007ff8061f4138 | 38 41 1f 06 f8 7f 00 00
stack at sp + 6 slots: 0x00000000000000a9 is an unknown value
stack at sp + 7 slots: 0x00000000000000a8 is an unknown value


---------------  P R O C E S S  ---------------

Threads class SMR info:
_java_thread_list=0x00000235e3925610, length=66, elements={
0x00000235c17c5ca0, 0x00000235daa086f0, 0x00000235daa12ad0, 0x00000235daa1ef40,
0x00000235daa339a0, 0x00000235daa34400, 0x00000235daa34e60, 0x00000235daa275a0,
0x00000235daa39f70, 0x00000235daa3b930, 0x00000235df04f380, 0x00000235dfd18130,
0x00000235e002e8b0, 0x00000235e0f171f0, 0x00000235dfba8fd0, 0x00000235e07011a0,
0x00000235e0515700, 0x00000235e0516420, 0x00000235e0515d90, 0x00000235e0518b80,
0x00000235e0516ab0, 0x00000235e05184f0, 0x00000235e0517140, 0x00000235e05177d0,
0x00000235e3446fb0, 0x00000235e3444850, 0x00000235e3444ee0, 0x00000235e3447640,
0x00000235e3447cd0, 0x00000235e3446920, 0x00000235e3445c00, 0x00000235e3445570,
0x00000235e3448360, 0x00000235e34489f0, 0x00000235e3449710, 0x00000235e3449da0,
0x00000235e344b150, 0x00000235e344b7e0, 0x00000235e344a430, 0x00000235e1c5a6f0,
0x00000235e1c5c130, 0x00000235e1c5a060, 0x00000235e1c5c7c0, 0x00000235e1c5d4e0,
0x00000235e1c5db70, 0x00000235e1c5e200, 0x00000235e1c5ad80, 0x00000235e1c5e890,
0x00000235e1c5fc40, 0x00000235e1c61680, 0x00000235e1c60ff0, 0x00000235e1c602d0,
0x00000235e42f6830, 0x00000235e42f61a0, 0x00000235e42f6ec0, 0x00000235e42f40d0,
0x00000235e42f7be0, 0x00000235e42f5480, 0x00000235e42f5b10, 0x00000235e42f4760,
0x00000235e42f8270, 0x00000235e42f4df0, 0x00000235e42f9620, 0x00000235dac7cbd0,
0x00000235e23459f0, 0x00000235e21b6bd0
}

Java Threads: ( => current thread )
  0x00000235c17c5ca0 JavaThread "main"                              [_thread_blocked, id=19832, stack(0x00000092da100000,0x00000092da200000) (1024K)]
  0x00000235daa086f0 JavaThread "Common-Cleaner"             daemon [_thread_blocked, id=6836, stack(0x00000092da900000,0x00000092daa00000) (1024K)]
  0x00000235daa12ad0 JavaThread "Reference Handler"          daemon [_thread_blocked, id=20144, stack(0x00000092daa00000,0x00000092dab00000) (1024K)]
  0x00000235daa1ef40 JavaThread "Finalizer"                  daemon [_thread_blocked, id=6232, stack(0x00000092dab00000,0x00000092dac00000) (1024K)]
  0x00000235daa339a0 JavaThread "Signal Dispatcher"          daemon [_thread_blocked, id=21032, stack(0x00000092dac00000,0x00000092dad00000) (1024K)]
  0x00000235daa34400 JavaThread "Attach Listener"            daemon [_thread_blocked, id=21256, stack(0x00000092dad00000,0x00000092dae00000) (1024K)]
  0x00000235daa34e60 JavaThread "Service Thread"             daemon [_thread_blocked, id=5796, stack(0x00000092dae00000,0x00000092daf00000) (1024K)]
  0x00000235daa275a0 JavaThread "Monitor Deflation Thread"   daemon [_thread_blocked, id=10380, stack(0x00000092daf00000,0x00000092db000000) (1024K)]
  0x00000235daa39f70 JavaThread "C2 CompilerThread0"         daemon [_thread_in_native, id=11792, stack(0x00000092db000000,0x00000092db100000) (1024K)]
  0x00000235daa3b930 JavaThread "C1 CompilerThread0"         daemon [_thread_blocked, id=1848, stack(0x00000092db100000,0x00000092db200000) (1024K)]
  0x00000235df04f380 JavaThread "Notification Thread"        daemon [_thread_blocked, id=1760, stack(0x00000092db200000,0x00000092db300000) (1024K)]
  0x00000235dfd18130 JavaThread "Daemon health stats"               [_thread_blocked, id=14800, stack(0x00000092db800000,0x00000092db900000) (1024K)]
  0x00000235e002e8b0 JavaThread "Incoming local TCP Connector on port 59301"        [_thread_in_native, id=20832, stack(0x00000092dba00000,0x00000092dbb00000) (1024K)]
  0x00000235e0f171f0 JavaThread "Daemon periodic checks"            [_thread_blocked, id=7360, stack(0x00000092dbb00000,0x00000092dbc00000) (1024K)]
  0x00000235dfba8fd0 JavaThread "Daemon"                            [_thread_blocked, id=8144, stack(0x00000092dbc00000,0x00000092dbd00000) (1024K)]
  0x00000235e07011a0 JavaThread "Handler for socket connection from /127.0.0.1:59301 to /127.0.0.1:59302"        [_thread_in_native, id=20752, stack(0x00000092dbd00000,0x00000092dbe00000) (1024K)]
  0x00000235e0515700 JavaThread "Cancel handler"                    [_thread_blocked, id=1120, stack(0x00000092db900000,0x00000092dba00000) (1024K)]
  0x00000235e0516420 JavaThread "Daemon worker"                     [_thread_in_vm, id=2568, stack(0x00000092dbe00000,0x00000092dbf00000) (1024K)]
  0x00000235e0515d90 JavaThread "Asynchronous log dispatcher for DefaultDaemonConnection: socket connection from /127.0.0.1:59301 to /127.0.0.1:59302"        [_thread_blocked, id=8348, stack(0x00000092dbf00000,0x00000092dc000000) (1024K)]
  0x00000235e0518b80 JavaThread "Stdin handler"                     [_thread_blocked, id=3784, stack(0x00000092dc000000,0x00000092dc100000) (1024K)]
  0x00000235e0516ab0 JavaThread "Daemon client event forwarder"        [_thread_blocked, id=5104, stack(0x00000092dc100000,0x00000092dc200000) (1024K)]
  0x00000235e05184f0 JavaThread "Cache worker for journal cache (C:\Users\ibtis\.gradle\caches\journal-1)"        [_thread_blocked, id=3572, stack(0x00000092dc600000,0x00000092dc700000) (1024K)]
  0x00000235e0517140 JavaThread "File lock request listener"        [_thread_in_native, id=20320, stack(0x00000092dc700000,0x00000092dc800000) (1024K)]
  0x00000235e05177d0 JavaThread "Cache worker for file hash cache (C:\Users\ibtis\.gradle\caches\8.7\fileHashes)"        [_thread_blocked, id=19368, stack(0x00000092dc800000,0x00000092dc900000) (1024K)]
  0x00000235e3446fb0 JavaThread "Cache worker for file hash cache (C:\Users\ibtis\lab21_ibtissam\.gradle\8.7\fileHashes)"        [_thread_blocked, id=20084, stack(0x00000092dca00000,0x00000092dcb00000) (1024K)]
  0x00000235e3444850 JavaThread "File watcher server"        daemon [_thread_in_native, id=11684, stack(0x00000092dcb00000,0x00000092dcc00000) (1024K)]
  0x00000235e3444ee0 JavaThread "File watcher consumer"      daemon [_thread_blocked, id=17392, stack(0x00000092dcc00000,0x00000092dcd00000) (1024K)]
  0x00000235e3447640 JavaThread "jar transforms"                    [_thread_blocked, id=2968, stack(0x00000092dcd00000,0x00000092dce00000) (1024K)]
  0x00000235e3447cd0 JavaThread "jar transforms Thread 2"           [_thread_blocked, id=13292, stack(0x00000092dce00000,0x00000092dcf00000) (1024K)]
  0x00000235e3446920 JavaThread "jar transforms Thread 3"           [_thread_blocked, id=4920, stack(0x00000092dcf00000,0x00000092dd000000) (1024K)]
  0x00000235e3445c00 JavaThread "jar transforms Thread 4"           [_thread_blocked, id=21000, stack(0x00000092dd000000,0x00000092dd100000) (1024K)]
  0x00000235e3445570 JavaThread "jar transforms Thread 5"           [_thread_blocked, id=2588, stack(0x00000092dd100000,0x00000092dd200000) (1024K)]
  0x00000235e3448360 JavaThread "jar transforms Thread 6"           [_thread_blocked, id=12208, stack(0x00000092dd200000,0x00000092dd300000) (1024K)]
  0x00000235e34489f0 JavaThread "jar transforms Thread 7"           [_thread_blocked, id=17292, stack(0x00000092dd300000,0x00000092dd400000) (1024K)]
  0x00000235e3449710 JavaThread "jar transforms Thread 8"           [_thread_blocked, id=6840, stack(0x00000092dd400000,0x00000092dd500000) (1024K)]
  0x00000235e3449da0 JavaThread "Cache worker for checksums cache (C:\Users\ibtis\lab21_ibtissam\.gradle\8.7\checksums)"        [_thread_blocked, id=20652, stack(0x00000092dc900000,0x00000092dca00000) (1024K)]
  0x00000235e344b150 JavaThread "Cache worker for cache directory md-supplier (C:\Users\ibtis\.gradle\caches\8.7\md-supplier)"        [_thread_blocked, id=5272, stack(0x00000092dd500000,0x00000092dd600000) (1024K)]
  0x00000235e344b7e0 JavaThread "Cache worker for cache directory md-rule (C:\Users\ibtis\.gradle\caches\8.7\md-rule)"        [_thread_blocked, id=15756, stack(0x00000092dd600000,0x00000092dd700000) (1024K)]
  0x00000235e344a430 JavaThread "Cache worker for file content cache (C:\Users\ibtis\.gradle\caches\8.7\fileContent)"        [_thread_blocked, id=3128, stack(0x00000092dd700000,0x00000092dd800000) (1024K)]
  0x00000235e1c5a6f0 JavaThread "Unconstrained build operations"        [_thread_blocked, id=20492, stack(0x00000092dd800000,0x00000092dd900000) (1024K)]
  0x00000235e1c5c130 JavaThread "Unconstrained build operations Thread 2"        [_thread_blocked, id=19848, stack(0x00000092dd900000,0x00000092dda00000) (1024K)]
  0x00000235e1c5a060 JavaThread "Unconstrained build operations Thread 3"        [_thread_blocked, id=5088, stack(0x00000092dda00000,0x00000092ddb00000) (1024K)]
  0x00000235e1c5c7c0 JavaThread "Unconstrained build operations Thread 4"        [_thread_blocked, id=12264, stack(0x00000092ddb00000,0x00000092ddc00000) (1024K)]
  0x00000235e1c5d4e0 JavaThread "Unconstrained build operations Thread 5"        [_thread_blocked, id=19696, stack(0x00000092ddc00000,0x00000092ddd00000) (1024K)]
  0x00000235e1c5db70 JavaThread "Unconstrained build operations Thread 6"        [_thread_blocked, id=11108, stack(0x00000092ddd00000,0x00000092dde00000) (1024K)]
  0x00000235e1c5e200 JavaThread "Unconstrained build operations Thread 7"        [_thread_blocked, id=10060, stack(0x00000092dde00000,0x00000092ddf00000) (1024K)]
  0x00000235e1c5ad80 JavaThread "Unconstrained build operations Thread 8"        [_thread_blocked, id=19836, stack(0x00000092ddf00000,0x00000092de000000) (1024K)]
  0x00000235e1c5e890 JavaThread "Unconstrained build operations Thread 9"        [_thread_blocked, id=8324, stack(0x00000092de000000,0x00000092de100000) (1024K)]
  0x00000235e1c5fc40 JavaThread "Cache worker for Build Output Cleanup Cache (C:\Users\ibtis\lab21_ibtissam\.gradle\buildOutputCleanup)"        [_thread_blocked, id=18312, stack(0x00000092de100000,0x00000092de200000) (1024K)]
  0x00000235e1c61680 JavaThread "Unconstrained build operations Thread 10"        [_thread_blocked, id=8560, stack(0x00000092de200000,0x00000092de300000) (1024K)]
  0x00000235e1c60ff0 JavaThread "Unconstrained build operations Thread 11"        [_thread_blocked, id=12308, stack(0x00000092de300000,0x00000092de400000) (1024K)]
  0x00000235e1c602d0 JavaThread "Unconstrained build operations Thread 12"        [_thread_blocked, id=14468, stack(0x00000092de400000,0x00000092de500000) (1024K)]
  0x00000235e42f6830 JavaThread "Unconstrained build operations Thread 13"        [_thread_blocked, id=8356, stack(0x00000092de500000,0x00000092de600000) (1024K)]
  0x00000235e42f61a0 JavaThread "Unconstrained build operations Thread 14"        [_thread_blocked, id=1348, stack(0x00000092de600000,0x00000092de700000) (1024K)]
  0x00000235e42f6ec0 JavaThread "Unconstrained build operations Thread 15"        [_thread_blocked, id=19412, stack(0x00000092de700000,0x00000092de800000) (1024K)]
  0x00000235e42f40d0 JavaThread "Unconstrained build operations Thread 16"        [_thread_blocked, id=19808, stack(0x00000092de800000,0x00000092de900000) (1024K)]
  0x00000235e42f7be0 JavaThread "Unconstrained build operations Thread 17"        [_thread_blocked, id=7828, stack(0x00000092de900000,0x00000092dea00000) (1024K)]
  0x00000235e42f5480 JavaThread "Unconstrained build operations Thread 18"        [_thread_blocked, id=14384, stack(0x00000092dea00000,0x00000092deb00000) (1024K)]
  0x00000235e42f5b10 JavaThread "Unconstrained build operations Thread 19"        [_thread_blocked, id=4728, stack(0x00000092deb00000,0x00000092dec00000) (1024K)]
  0x00000235e42f4760 JavaThread "Unconstrained build operations Thread 20"        [_thread_blocked, id=18044, stack(0x00000092dec00000,0x00000092ded00000) (1024K)]
  0x00000235e42f8270 JavaThread "Unconstrained build operations Thread 21"        [_thread_blocked, id=8004, stack(0x00000092ded00000,0x00000092dee00000) (1024K)]
  0x00000235e42f4df0 JavaThread "Unconstrained build operations Thread 22"        [_thread_blocked, id=6252, stack(0x00000092dee00000,0x00000092def00000) (1024K)]
  0x00000235e42f9620 JavaThread "Unconstrained build operations Thread 23"        [_thread_blocked, id=12280, stack(0x00000092def00000,0x00000092df000000) (1024K)]
=>0x00000235dac7cbd0 JavaThread "C2 CompilerThread1"         daemon [_thread_in_native, id=19400, stack(0x00000092db700000,0x00000092db800000) (1024K)]
  0x00000235e23459f0 JavaThread "Memory manager"                    [_thread_blocked, id=18608, stack(0x00000092df000000,0x00000092df100000) (1024K)]
  0x00000235e21b6bd0 JavaThread "C2 CompilerThread2"         daemon [_thread_in_native, id=2300, stack(0x00000092df100000,0x00000092df200000) (1024K)]
Total: 66

Other Threads:
  0x00000235da9c0c10 VMThread "VM Thread"                           [id=21104, stack(0x00000092da800000,0x00000092da900000) (1024K)]
  0x00000235da7fb630 WatcherThread "VM Periodic Task Thread"        [id=9768, stack(0x00000092da700000,0x00000092da800000) (1024K)]
  0x00000235c3b88cb0 WorkerThread "GC Thread#0"                     [id=8728, stack(0x00000092da200000,0x00000092da300000) (1024K)]
  0x00000235df34d770 WorkerThread "GC Thread#1"                     [id=9316, stack(0x00000092db400000,0x00000092db500000) (1024K)]
  0x00000235df698bb0 WorkerThread "GC Thread#2"                     [id=17924, stack(0x00000092db500000,0x00000092db600000) (1024K)]
  0x00000235df698f50 WorkerThread "GC Thread#3"                     [id=18488, stack(0x00000092db600000,0x00000092db700000) (1024K)]
  0x00000235dfa76740 WorkerThread "GC Thread#4"                     [id=18388, stack(0x00000092db300000,0x00000092db400000) (1024K)]
  0x00000235dffc1110 WorkerThread "GC Thread#5"                     [id=15000, stack(0x00000092dc200000,0x00000092dc300000) (1024K)]
  0x00000235dffc09d0 WorkerThread "GC Thread#6"                     [id=8460, stack(0x00000092dc300000,0x00000092dc400000) (1024K)]
  0x00000235dffc14b0 WorkerThread "GC Thread#7"                     [id=17308, stack(0x00000092dc400000,0x00000092dc500000) (1024K)]
  0x00000235c188cfe0 ConcurrentGCThread "G1 Main Marker"            [id=19800, stack(0x00000092da300000,0x00000092da400000) (1024K)]
  0x00000235c188d9f0 WorkerThread "G1 Conc#0"                       [id=6320, stack(0x00000092da400000,0x00000092da500000) (1024K)]
  0x00000235dffbfb50 WorkerThread "G1 Conc#1"                       [id=21096, stack(0x00000092dc500000,0x00000092dc600000) (1024K)]
  0x00000235c3bfeaf0 ConcurrentGCThread "G1 Refine#0"               [id=7812, stack(0x00000092da500000,0x00000092da600000) (1024K)]
  0x00000235da6d1850 ConcurrentGCThread "G1 Service"                [id=7980, stack(0x00000092da600000,0x00000092da700000) (1024K)]
Total: 15

Threads with active compile tasks:
C2 CompilerThread0  20218 8378 %     4       org.gradle.internal.instantiation.generator.AbstractClassGenerator::inspectType @ 250 (560 bytes)
C2 CompilerThread1  20218 8275       4       sun.reflect.generics.parser.SignatureParser::parsePackageNameAndSimpleClassTypeSignature (119 bytes)
C2 CompilerThread2  20218 8389       4       sun.reflect.generics.parser.SignatureParser::parseFieldTypeSignature (73 bytes)
Total: 3

VM state: not at safepoint (normal execution)

VM Mutex/Monitor currently owned by a thread: None

Heap address: 0x00000000a0000000, size: 1536 MB, Compressed Oops mode: 32-bit

CDS archive(s) not mapped
Compressed class space mapped at: 0x0000000100000000-0x0000000140000000, reserved size: 1073741824
Narrow klass base: 0x0000000000000000, Narrow klass shift: 3, Narrow klass range: 0x140000000

GC Precious Log:
 CardTable entry size: 512
 Card Set container configuration: InlinePtr #cards 5 size 8 Array Of Cards #cards 12 size 40 Howl #buckets 4 coarsen threshold 1843 Howl Bitmap #cards 512 size 80 coarsen threshold 460 Card regions per heap region 1 cards per card region 2048
 CPUs: 8 total, 8 available
 Memory: 12092M
 Large Page Support: Disabled
 NUMA Support: Disabled
 Compressed Oops: Enabled (32-bit)
 Heap Region Size: 1M
 Heap Min Capacity: 8M
 Heap Initial Capacity: 190M
 Heap Max Capacity: 1536M
 Pre-touch: Disabled
 Parallel Workers: 8
 Concurrent Workers: 2
 Concurrent Refinement Workers: 8
 Periodic GC: Disabled

Heap:
 garbage-first heap   total 152576K, used 96163K [0x00000000a0000000, 0x0000000100000000)
  region size 1024K, 9 young (9216K), 7 survivors (7168K)
 Metaspace       used 77103K, committed 78912K, reserved 1179648K
  class space    used 10698K, committed 11584K, reserved 1048576K

Heap Regions: E=young(eden), S=young(survivor), O=old, HS=humongous(starts), HC=humongous(continues), CS=collection set, F=free, TAMS=top-at-mark-start, PB=parsable bottom
|   0|0x00000000a0000000, 0x00000000a0100000, 0x00000000a0100000|100%| O|  |TAMS 0x00000000a0000000| PB 0x00000000a0000000| Untracked 
|   1|0x00000000a0100000, 0x00000000a0200000, 0x00000000a0200000|100%|HS|  |TAMS 0x00000000a0100000| PB 0x00000000a0100000| Complete 
|   2|0x00000000a0200000, 0x00000000a0300000, 0x00000000a0300000|100%|HC|  |TAMS 0x00000000a0200000| PB 0x00000000a0200000| Complete 
|   3|0x00000000a0300000, 0x00000000a0400000, 0x00000000a0400000|100%|HC|  |TAMS 0x00000000a0300000| PB 0x00000000a0300000| Complete 
|   4|0x00000000a0400000, 0x00000000a0500000, 0x00000000a0500000|100%|HC|  |TAMS 0x00000000a0400000| PB 0x00000000a0400000| Complete 
|   5|0x00000000a0500000, 0x00000000a0600000, 0x00000000a0600000|100%| O|  |TAMS 0x00000000a0500000| PB 0x00000000a0500000| Untracked 
|   6|0x00000000a0600000, 0x00000000a0700000, 0x00000000a0700000|100%| O|  |TAMS 0x00000000a0600000| PB 0x00000000a0600000| Untracked 
|   7|0x00000000a0700000, 0x00000000a0800000, 0x00000000a0800000|100%| O|  |TAMS 0x00000000a0700000| PB 0x00000000a0700000| Untracked 
|   8|0x00000000a0800000, 0x00000000a0900000, 0x00000000a0900000|100%|HS|  |TAMS 0x00000000a0800000| PB 0x00000000a0800000| Complete 
|   9|0x00000000a0900000, 0x00000000a0a00000, 0x00000000a0a00000|100%| O|  |TAMS 0x00000000a0900000| PB 0x00000000a0900000| Untracked 
|  10|0x00000000a0a00000, 0x00000000a0b00000, 0x00000000a0b00000|100%|HS|  |TAMS 0x00000000a0a00000| PB 0x00000000a0a00000| Complete 
|  11|0x00000000a0b00000, 0x00000000a0c00000, 0x00000000a0c00000|100%|HC|  |TAMS 0x00000000a0b00000| PB 0x00000000a0b00000| Complete 
|  12|0x00000000a0c00000, 0x00000000a0d00000, 0x00000000a0d00000|100%|HC|  |TAMS 0x00000000a0c00000| PB 0x00000000a0c00000| Complete 
|  13|0x00000000a0d00000, 0x00000000a0e00000, 0x00000000a0e00000|100%|HC|  |TAMS 0x00000000a0d00000| PB 0x00000000a0d00000| Complete 
|  14|0x00000000a0e00000, 0x00000000a0f00000, 0x00000000a0f00000|100%|HC|  |TAMS 0x00000000a0e00000| PB 0x00000000a0e00000| Complete 
|  15|0x00000000a0f00000, 0x00000000a1000000, 0x00000000a1000000|100%|HC|  |TAMS 0x00000000a0f00000| PB 0x00000000a0f00000| Complete 
|  16|0x00000000a1000000, 0x00000000a1100000, 0x00000000a1100000|100%|HS|  |TAMS 0x00000000a1000000| PB 0x00000000a1000000| Complete 
|  17|0x00000000a1100000, 0x00000000a1200000, 0x00000000a1200000|100%|HC|  |TAMS 0x00000000a1100000| PB 0x00000000a1100000| Complete 
|  18|0x00000000a1200000, 0x00000000a1300000, 0x00000000a1300000|100%| O|  |TAMS 0x00000000a1200000| PB 0x00000000a1200000| Untracked 
|  19|0x00000000a1300000, 0x00000000a1400000, 0x00000000a1400000|100%| O|  |TAMS 0x00000000a1300000| PB 0x00000000a1300000| Untracked 
|  20|0x00000000a1400000, 0x00000000a1500000, 0x00000000a1500000|100%|HS|  |TAMS 0x00000000a1400000| PB 0x00000000a1400000| Complete 
|  21|0x00000000a1500000, 0x00000000a1600000, 0x00000000a1600000|100%|HC|  |TAMS 0x00000000a1500000| PB 0x00000000a1500000| Complete 
|  22|0x00000000a1600000, 0x00000000a1700000, 0x00000000a1700000|100%|HC|  |TAMS 0x00000000a1600000| PB 0x00000000a1600000| Complete 
|  23|0x00000000a1700000, 0x00000000a1800000, 0x00000000a1800000|100%|HC|  |TAMS 0x00000000a1700000| PB 0x00000000a1700000| Complete 
|  24|0x00000000a1800000, 0x00000000a1900000, 0x00000000a1900000|100%|HC|  |TAMS 0x00000000a1800000| PB 0x00000000a1800000| Complete 
|  25|0x00000000a1900000, 0x00000000a1a00000, 0x00000000a1a00000|100%|HC|  |TAMS 0x00000000a1900000| PB 0x00000000a1900000| Complete 
|  26|0x00000000a1a00000, 0x00000000a1b00000, 0x00000000a1b00000|100%|HS|  |TAMS 0x00000000a1a00000| PB 0x00000000a1a00000| Complete 
|  27|0x00000000a1b00000, 0x00000000a1c00000, 0x00000000a1c00000|100%| O|  |TAMS 0x00000000a1b00000| PB 0x00000000a1b00000| Untracked 
|  28|0x00000000a1c00000, 0x00000000a1c00000, 0x00000000a1d00000|  0%| F|  |TAMS 0x00000000a1c00000| PB 0x00000000a1c00000| Untracked 
|  29|0x00000000a1d00000, 0x00000000a1e00000, 0x00000000a1e00000|100%| O|  |TAMS 0x00000000a1d00000| PB 0x00000000a1d00000| Untracked 
|  30|0x00000000a1e00000, 0x00000000a1f00000, 0x00000000a1f00000|100%| O|  |TAMS 0x00000000a1e00000| PB 0x00000000a1e00000| Untracked 
|  31|0x00000000a1f00000, 0x00000000a2000000, 0x00000000a2000000|100%| O|  |TAMS 0x00000000a1f00000| PB 0x00000000a1f00000| Untracked 
|  32|0x00000000a2000000, 0x00000000a2100000, 0x00000000a2100000|100%| O|  |TAMS 0x00000000a2000000| PB 0x00000000a2000000| Untracked 
|  33|0x00000000a2100000, 0x00000000a2200000, 0x00000000a2200000|100%|HS|  |TAMS 0x00000000a2100000| PB 0x00000000a2100000| Complete 
|  34|0x00000000a2200000, 0x00000000a2300000, 0x00000000a2300000|100%|HS|  |TAMS 0x00000000a2200000| PB 0x00000000a2200000| Complete 
|  35|0x00000000a2300000, 0x00000000a2400000, 0x00000000a2400000|100%|HC|  |TAMS 0x00000000a2300000| PB 0x00000000a2300000| Complete 
|  36|0x00000000a2400000, 0x00000000a2500000, 0x00000000a2500000|100%|HS|  |TAMS 0x00000000a2400000| PB 0x00000000a2400000| Complete 
|  37|0x00000000a2500000, 0x00000000a2600000, 0x00000000a2600000|100%| O|  |TAMS 0x00000000a2500000| PB 0x00000000a2500000| Untracked 
|  38|0x00000000a2600000, 0x00000000a2700000, 0x00000000a2700000|100%| O|  |TAMS 0x00000000a2600000| PB 0x00000000a2600000| Untracked 
|  39|0x00000000a2700000, 0x00000000a2700000, 0x00000000a2800000|  0%| F|  |TAMS 0x00000000a2700000| PB 0x00000000a2700000| Untracked 
|  40|0x00000000a2800000, 0x00000000a2900000, 0x00000000a2900000|100%| O|  |TAMS 0x00000000a2800000| PB 0x00000000a2800000| Untracked 
|  41|0x00000000a2900000, 0x00000000a2a00000, 0x00000000a2a00000|100%| O|  |TAMS 0x00000000a2900000| PB 0x00000000a2900000| Untracked 
|  42|0x00000000a2a00000, 0x00000000a2b00000, 0x00000000a2b00000|100%| O|  |TAMS 0x00000000a2a00000| PB 0x00000000a2a00000| Untracked 
|  43|0x00000000a2b00000, 0x00000000a2c00000, 0x00000000a2c00000|100%| O|  |TAMS 0x00000000a2b00000| PB 0x00000000a2b00000| Untracked 
|  44|0x00000000a2c00000, 0x00000000a2c00000, 0x00000000a2d00000|  0%| F|  |TAMS 0x00000000a2c00000| PB 0x00000000a2c00000| Untracked 
|  45|0x00000000a2d00000, 0x00000000a2e00000, 0x00000000a2e00000|100%|HS|  |TAMS 0x00000000a2d00000| PB 0x00000000a2d00000| Complete 
|  46|0x00000000a2e00000, 0x00000000a2f00000, 0x00000000a2f00000|100%|HC|  |TAMS 0x00000000a2e00000| PB 0x00000000a2e00000| Complete 
|  47|0x00000000a2f00000, 0x00000000a3000000, 0x00000000a3000000|100%| O|  |TAMS 0x00000000a2f00000| PB 0x00000000a2f00000| Untracked 
|  48|0x00000000a3000000, 0x00000000a3100000, 0x00000000a3100000|100%| O|  |TAMS 0x00000000a3000000| PB 0x00000000a3000000| Untracked 
|  49|0x00000000a3100000, 0x00000000a3200000, 0x00000000a3200000|100%| O|  |TAMS 0x00000000a3100000| PB 0x00000000a3100000| Untracked 
|  50|0x00000000a3200000, 0x00000000a3300000, 0x00000000a3300000|100%| O|  |TAMS 0x00000000a3200000| PB 0x00000000a3200000| Untracked 
|  51|0x00000000a3300000, 0x00000000a3400000, 0x00000000a3400000|100%| O|  |TAMS 0x00000000a3300000| PB 0x00000000a3300000| Untracked 
|  52|0x00000000a3400000, 0x00000000a3500000, 0x00000000a3500000|100%| O|  |TAMS 0x00000000a3400000| PB 0x00000000a3400000| Untracked 
|  53|0x00000000a3500000, 0x00000000a3600000, 0x00000000a3600000|100%| O|  |TAMS 0x00000000a3500000| PB 0x00000000a3500000| Untracked 
|  54|0x00000000a3600000, 0x00000000a3700000, 0x00000000a3700000|100%| O|  |TAMS 0x00000000a3600000| PB 0x00000000a3600000| Untracked 
|  55|0x00000000a3700000, 0x00000000a3800000, 0x00000000a3800000|100%| O|  |TAMS 0x00000000a3700000| PB 0x00000000a3700000| Untracked 
|  56|0x00000000a3800000, 0x00000000a3900000, 0x00000000a3900000|100%| O|  |TAMS 0x00000000a3800000| PB 0x00000000a3800000| Untracked 
|  57|0x00000000a3900000, 0x00000000a3a00000, 0x00000000a3a00000|100%|HS|  |TAMS 0x00000000a3900000| PB 0x00000000a3900000| Complete 
|  58|0x00000000a3a00000, 0x00000000a3b00000, 0x00000000a3b00000|100%|HS|  |TAMS 0x00000000a3a00000| PB 0x00000000a3a00000| Complete 
|  59|0x00000000a3b00000, 0x00000000a3c00000, 0x00000000a3c00000|100%|HS|  |TAMS 0x00000000a3b00000| PB 0x00000000a3b00000| Complete 
|  60|0x00000000a3c00000, 0x00000000a3d00000, 0x00000000a3d00000|100%| O|  |TAMS 0x00000000a3c00000| PB 0x00000000a3c00000| Untracked 
|  61|0x00000000a3d00000, 0x00000000a3e00000, 0x00000000a3e00000|100%| O|  |TAMS 0x00000000a3d00000| PB 0x00000000a3d00000| Untracked 
|  62|0x00000000a3e00000, 0x00000000a3f00000, 0x00000000a3f00000|100%| O|  |TAMS 0x00000000a3e00000| PB 0x00000000a3e00000| Untracked 
|  63|0x00000000a3f00000, 0x00000000a4000000, 0x00000000a4000000|100%| O|  |TAMS 0x00000000a3f00000| PB 0x00000000a3f00000| Untracked 
|  64|0x00000000a4000000, 0x00000000a4100000, 0x00000000a4100000|100%| O|  |TAMS 0x00000000a4000000| PB 0x00000000a4000000| Untracked 
|  65|0x00000000a4100000, 0x00000000a4100000, 0x00000000a4200000|  0%| F|  |TAMS 0x00000000a4100000| PB 0x00000000a4100000| Untracked 
|  66|0x00000000a4200000, 0x00000000a4300000, 0x00000000a4300000|100%| O|  |TAMS 0x00000000a4200000| PB 0x00000000a4200000| Untracked 
|  67|0x00000000a4300000, 0x00000000a4400000, 0x00000000a4400000|100%|HS|  |TAMS 0x00000000a4300000| PB 0x00000000a4300000| Complete 
|  68|0x00000000a4400000, 0x00000000a4500000, 0x00000000a4500000|100%| O|  |TAMS 0x00000000a4400000| PB 0x00000000a4400000| Untracked 
|  69|0x00000000a4500000, 0x00000000a4600000, 0x00000000a4600000|100%| O|  |TAMS 0x00000000a4500000| PB 0x00000000a4500000| Untracked 
|  70|0x00000000a4600000, 0x00000000a4700000, 0x00000000a4700000|100%| O|  |TAMS 0x00000000a4600000| PB 0x00000000a4600000| Untracked 
|  71|0x00000000a4700000, 0x00000000a4800000, 0x00000000a4800000|100%| O|  |TAMS 0x00000000a4700000| PB 0x00000000a4700000| Untracked 
|  72|0x00000000a4800000, 0x00000000a4900000, 0x00000000a4900000|100%| O|  |TAMS 0x00000000a4800000| PB 0x00000000a4800000| Untracked 
|  73|0x00000000a4900000, 0x00000000a4a00000, 0x00000000a4a00000|100%| O|  |TAMS 0x00000000a4900000| PB 0x00000000a4900000| Untracked 
|  74|0x00000000a4a00000, 0x00000000a4b00000, 0x00000000a4b00000|100%| O|  |TAMS 0x00000000a4a00000| PB 0x00000000a4a00000| Untracked 
|  75|0x00000000a4b00000, 0x00000000a4b00000, 0x00000000a4c00000|  0%| F|  |TAMS 0x00000000a4b00000| PB 0x00000000a4b00000| Untracked 
|  76|0x00000000a4c00000, 0x00000000a4c00000, 0x00000000a4d00000|  0%| F|  |TAMS 0x00000000a4c00000| PB 0x00000000a4c00000| Untracked 
|  77|0x00000000a4d00000, 0x00000000a4e00000, 0x00000000a4e00000|100%|HS|  |TAMS 0x00000000a4d00000| PB 0x00000000a4d00000| Complete 
|  78|0x00000000a4e00000, 0x00000000a4f00000, 0x00000000a4f00000|100%| O|  |TAMS 0x00000000a4e00000| PB 0x00000000a4e00000| Untracked 
|  79|0x00000000a4f00000, 0x00000000a5000000, 0x00000000a5000000|100%| S|CS|TAMS 0x00000000a4f00000| PB 0x00000000a4f00000| Complete 
|  80|0x00000000a5000000, 0x00000000a5100000, 0x00000000a5100000|100%| O|  |TAMS 0x00000000a5000000| PB 0x00000000a5000000| Untracked 
|  81|0x00000000a5100000, 0x00000000a5200000, 0x00000000a5200000|100%| S|CS|TAMS 0x00000000a5100000| PB 0x00000000a5100000| Complete 
|  82|0x00000000a5200000, 0x00000000a5300000, 0x00000000a5300000|100%| S|CS|TAMS 0x00000000a5200000| PB 0x00000000a5200000| Complete 
|  83|0x00000000a5300000, 0x00000000a5400000, 0x00000000a5400000|100%| S|CS|TAMS 0x00000000a5300000| PB 0x00000000a5300000| Complete 
|  84|0x00000000a5400000, 0x00000000a5500000, 0x00000000a5500000|100%| S|CS|TAMS 0x00000000a5400000| PB 0x00000000a5400000| Complete 
|  85|0x00000000a5500000, 0x00000000a5600000, 0x00000000a5600000|100%| S|CS|TAMS 0x00000000a5500000| PB 0x00000000a5500000| Complete 
|  86|0x00000000a5600000, 0x00000000a5600000, 0x00000000a5700000|  0%| F|  |TAMS 0x00000000a5600000| PB 0x00000000a5600000| Untracked 
|  87|0x00000000a5700000, 0x00000000a5700000, 0x00000000a5800000|  0%| F|  |TAMS 0x00000000a5700000| PB 0x00000000a5700000| Untracked 
|  88|0x00000000a5800000, 0x00000000a5800000, 0x00000000a5900000|  0%| F|  |TAMS 0x00000000a5800000| PB 0x00000000a5800000| Untracked 
|  89|0x00000000a5900000, 0x00000000a5900000, 0x00000000a5a00000|  0%| F|  |TAMS 0x00000000a5900000| PB 0x00000000a5900000| Untracked 
|  90|0x00000000a5a00000, 0x00000000a5a00000, 0x00000000a5b00000|  0%| F|  |TAMS 0x00000000a5a00000| PB 0x00000000a5a00000| Untracked 
|  91|0x00000000a5b00000, 0x00000000a5b00000, 0x00000000a5c00000|  0%| F|  |TAMS 0x00000000a5b00000| PB 0x00000000a5b00000| Untracked 
|  92|0x00000000a5c00000, 0x00000000a5c00000, 0x00000000a5d00000|  0%| F|  |TAMS 0x00000000a5c00000| PB 0x00000000a5c00000| Untracked 
|  93|0x00000000a5d00000, 0x00000000a5d00000, 0x00000000a5e00000|  0%| F|  |TAMS 0x00000000a5d00000| PB 0x00000000a5d00000| Untracked 
|  94|0x00000000a5e00000, 0x00000000a5e00000, 0x00000000a5f00000|  0%| F|  |TAMS 0x00000000a5e00000| PB 0x00000000a5e00000| Untracked 
|  95|0x00000000a5f00000, 0x00000000a5f00000, 0x00000000a6000000|  0%| F|  |TAMS 0x00000000a5f00000| PB 0x00000000a5f00000| Untracked 
|  96|0x00000000a6000000, 0x00000000a6000000, 0x00000000a6100000|  0%| F|  |TAMS 0x00000000a6000000| PB 0x00000000a6000000| Untracked 
|  97|0x00000000a6100000, 0x00000000a6100000, 0x00000000a6200000|  0%| F|  |TAMS 0x00000000a6100000| PB 0x00000000a6100000| Untracked 
|  98|0x00000000a6200000, 0x00000000a6200000, 0x00000000a6300000|  0%| F|  |TAMS 0x00000000a6200000| PB 0x00000000a6200000| Untracked 
|  99|0x00000000a6300000, 0x00000000a6300000, 0x00000000a6400000|  0%| F|  |TAMS 0x00000000a6300000| PB 0x00000000a6300000| Untracked 
| 100|0x00000000a6400000, 0x00000000a6400000, 0x00000000a6500000|  0%| F|  |TAMS 0x00000000a6400000| PB 0x00000000a6400000| Untracked 
| 101|0x00000000a6500000, 0x00000000a6500000, 0x00000000a6600000|  0%| F|  |TAMS 0x00000000a6500000| PB 0x00000000a6500000| Untracked 
| 102|0x00000000a6600000, 0x00000000a6600000, 0x00000000a6700000|  0%| F|  |TAMS 0x00000000a6600000| PB 0x00000000a6600000| Untracked 
| 103|0x00000000a6700000, 0x00000000a6700000, 0x00000000a6800000|  0%| F|  |TAMS 0x00000000a6700000| PB 0x00000000a6700000| Untracked 
| 104|0x00000000a6800000, 0x00000000a6800000, 0x00000000a6900000|  0%| F|  |TAMS 0x00000000a6800000| PB 0x00000000a6800000| Untracked 
| 105|0x00000000a6900000, 0x00000000a6900000, 0x00000000a6a00000|  0%| F|  |TAMS 0x00000000a6900000| PB 0x00000000a6900000| Untracked 
| 106|0x00000000a6a00000, 0x00000000a6a00000, 0x00000000a6b00000|  0%| F|  |TAMS 0x00000000a6a00000| PB 0x00000000a6a00000| Untracked 
| 107|0x00000000a6b00000, 0x00000000a6b00000, 0x00000000a6c00000|  0%| F|  |TAMS 0x00000000a6b00000| PB 0x00000000a6b00000| Untracked 
| 108|0x00000000a6c00000, 0x00000000a6c00000, 0x00000000a6d00000|  0%| F|  |TAMS 0x00000000a6c00000| PB 0x00000000a6c00000| Untracked 
| 109|0x00000000a6d00000, 0x00000000a6d00000, 0x00000000a6e00000|  0%| F|  |TAMS 0x00000000a6d00000| PB 0x00000000a6d00000| Untracked 
| 110|0x00000000a6e00000, 0x00000000a6e00000, 0x00000000a6f00000|  0%| F|  |TAMS 0x00000000a6e00000| PB 0x00000000a6e00000| Untracked 
| 111|0x00000000a6f00000, 0x00000000a6f00000, 0x00000000a7000000|  0%| F|  |TAMS 0x00000000a6f00000| PB 0x00000000a6f00000| Untracked 
| 112|0x00000000a7000000, 0x00000000a7000000, 0x00000000a7100000|  0%| F|  |TAMS 0x00000000a7000000| PB 0x00000000a7000000| Untracked 
| 113|0x00000000a7100000, 0x00000000a7100000, 0x00000000a7200000|  0%| F|  |TAMS 0x00000000a7100000| PB 0x00000000a7100000| Untracked 
| 114|0x00000000a7200000, 0x00000000a7200000, 0x00000000a7300000|  0%| F|  |TAMS 0x00000000a7200000| PB 0x00000000a7200000| Untracked 
| 115|0x00000000a7300000, 0x00000000a7300000, 0x00000000a7400000|  0%| F|  |TAMS 0x00000000a7300000| PB 0x00000000a7300000| Untracked 
| 116|0x00000000a7400000, 0x00000000a7400000, 0x00000000a7500000|  0%| F|  |TAMS 0x00000000a7400000| PB 0x00000000a7400000| Untracked 
| 117|0x00000000a7500000, 0x00000000a7500000, 0x00000000a7600000|  0%| F|  |TAMS 0x00000000a7500000| PB 0x00000000a7500000| Untracked 
| 118|0x00000000a7600000, 0x00000000a7600000, 0x00000000a7700000|  0%| F|  |TAMS 0x00000000a7600000| PB 0x00000000a7600000| Untracked 
| 119|0x00000000a7700000, 0x00000000a7700000, 0x00000000a7800000|  0%| F|  |TAMS 0x00000000a7700000| PB 0x00000000a7700000| Untracked 
| 120|0x00000000a7800000, 0x00000000a7900000, 0x00000000a7900000|100%| S|CS|TAMS 0x00000000a7800000| PB 0x00000000a7800000| Complete 
| 148|0x00000000a9400000, 0x00000000a9400000, 0x00000000a9500000|  0%| F|  |TAMS 0x00000000a9400000| PB 0x00000000a9400000| Untracked 
| 149|0x00000000a9500000, 0x00000000a9500000, 0x00000000a9600000|  0%| F|  |TAMS 0x00000000a9500000| PB 0x00000000a9500000| Untracked 
| 150|0x00000000a9600000, 0x00000000a9600000, 0x00000000a9700000|  0%| F|  |TAMS 0x00000000a9600000| PB 0x00000000a9600000| Untracked 
| 151|0x00000000a9700000, 0x00000000a9700000, 0x00000000a9800000|  0%| F|  |TAMS 0x00000000a9700000| PB 0x00000000a9700000| Untracked 
| 152|0x00000000a9800000, 0x00000000a9800000, 0x00000000a9900000|  0%| F|  |TAMS 0x00000000a9800000| PB 0x00000000a9800000| Untracked 
| 153|0x00000000a9900000, 0x00000000a9900000, 0x00000000a9a00000|  0%| F|  |TAMS 0x00000000a9900000| PB 0x00000000a9900000| Untracked 
| 154|0x00000000a9a00000, 0x00000000a9a00000, 0x00000000a9b00000|  0%| F|  |TAMS 0x00000000a9a00000| PB 0x00000000a9a00000| Untracked 
| 155|0x00000000a9b00000, 0x00000000a9b00000, 0x00000000a9c00000|  0%| F|  |TAMS 0x00000000a9b00000| PB 0x00000000a9b00000| Untracked 
| 156|0x00000000a9c00000, 0x00000000a9c00000, 0x00000000a9d00000|  0%| F|  |TAMS 0x00000000a9c00000| PB 0x00000000a9c00000| Untracked 
| 157|0x00000000a9d00000, 0x00000000a9d00000, 0x00000000a9e00000|  0%| F|  |TAMS 0x00000000a9d00000| PB 0x00000000a9d00000| Untracked 
| 158|0x00000000a9e00000, 0x00000000a9e00000, 0x00000000a9f00000|  0%| F|  |TAMS 0x00000000a9e00000| PB 0x00000000a9e00000| Untracked 
| 159|0x00000000a9f00000, 0x00000000a9f00000, 0x00000000aa000000|  0%| F|  |TAMS 0x00000000a9f00000| PB 0x00000000a9f00000| Untracked 
| 188|0x00000000abc00000, 0x00000000abc00000, 0x00000000abd00000|  0%| F|  |TAMS 0x00000000abc00000| PB 0x00000000abc00000| Untracked 
| 189|0x00000000abd00000, 0x00000000abd00000, 0x00000000abe00000|  0%| F|  |TAMS 0x00000000abd00000| PB 0x00000000abd00000| Untracked 
|1522|0x00000000ff200000, 0x00000000ff2e8c60, 0x00000000ff300000| 90%| O|  |TAMS 0x00000000ff200000| PB 0x00000000ff200000| Untracked 
|1523|0x00000000ff300000, 0x00000000ff400000, 0x00000000ff400000|100%| O|  |TAMS 0x00000000ff300000| PB 0x00000000ff300000| Untracked 
|1524|0x00000000ff400000, 0x00000000ff500000, 0x00000000ff500000|100%| E|  |TAMS 0x00000000ff400000| PB 0x00000000ff400000| Complete 
|1525|0x00000000ff500000, 0x00000000ff600000, 0x00000000ff600000|100%| E|CS|TAMS 0x00000000ff500000| PB 0x00000000ff500000| Complete 
|1526|0x00000000ff600000, 0x00000000ff700000, 0x00000000ff700000|100%| O|  |TAMS 0x00000000ff600000| PB 0x00000000ff600000| Untracked 
|1527|0x00000000ff700000, 0x00000000ff800000, 0x00000000ff800000|100%| O|  |TAMS 0x00000000ff700000| PB 0x00000000ff700000| Untracked 
|1528|0x00000000ff800000, 0x00000000ff900000, 0x00000000ff900000|100%| O|  |TAMS 0x00000000ff800000| PB 0x00000000ff800000| Untracked 
|1529|0x00000000ff900000, 0x00000000ffa00000, 0x00000000ffa00000|100%| O|  |TAMS 0x00000000ff900000| PB 0x00000000ff900000| Untracked 
|1530|0x00000000ffa00000, 0x00000000ffb00000, 0x00000000ffb00000|100%| O|  |TAMS 0x00000000ffa00000| PB 0x00000000ffa00000| Untracked 
|1531|0x00000000ffb00000, 0x00000000ffc00000, 0x00000000ffc00000|100%| O|  |TAMS 0x00000000ffb00000| PB 0x00000000ffb00000| Untracked 
|1532|0x00000000ffc00000, 0x00000000ffd00000, 0x00000000ffd00000|100%| O|  |TAMS 0x00000000ffc00000| PB 0x00000000ffc00000| Untracked 
|1533|0x00000000ffd00000, 0x00000000ffe00000, 0x00000000ffe00000|100%| O|  |TAMS 0x00000000ffd00000| PB 0x00000000ffd00000| Untracked 
|1534|0x00000000ffe00000, 0x00000000fff00000, 0x00000000fff00000|100%| O|  |TAMS 0x00000000ffe00000| PB 0x00000000ffe00000| Untracked 
|1535|0x00000000fff00000, 0x0000000100000000, 0x0000000100000000|100%| O|  |TAMS 0x00000000fff00000| PB 0x00000000fff00000| Untracked 

Card table byte_map: [0x00000235d62e0000,0x00000235d65e0000] _byte_map_base: 0x00000235d5de0000

Marking Bits: (CMBitMap*) 0x00000235c3b892c0
 Bits: [0x00000235d65e0000, 0x00000235d7de0000)

Polling page: 0x00000235c1940000

Metaspace:

Usage:
  Non-class:     64.87 MB used.
      Class:     10.45 MB used.
       Both:     75.32 MB used.

Virtual space:
  Non-class space:      128.00 MB reserved,      65.75 MB ( 51%) committed,  2 nodes.
      Class space:        1.00 GB reserved,      11.31 MB (  1%) committed,  1 nodes.
             Both:        1.12 GB reserved,      77.06 MB (  7%) committed. 

Chunk freelists:
   Non-Class:  13.91 MB
       Class:  4.66 MB
        Both:  18.56 MB

MaxMetaspaceSize: unlimited
CompressedClassSpaceSize: 1.00 GB
Initial GC threshold: 21.00 MB
Current GC threshold: 117.31 MB
CDS: off
 - commit_granule_bytes: 65536.
 - commit_granule_words: 8192.
 - virtual_space_node_default_size: 8388608.
 - enlarge_chunks_in_place: 1.
 - use_allocation_guard: 0.


Internal statistics:

num_allocs_failed_limit: 8.
num_arena_births: 3370.
num_arena_deaths: 0.
num_vsnodes_births: 3.
num_vsnodes_deaths: 0.
num_space_committed: 1233.
num_space_uncommitted: 0.
num_chunks_returned_to_freelist: 8.
num_chunks_taken_from_freelist: 6543.
num_chunk_merges: 3.
num_chunk_splits: 4211.
num_chunks_enlarged: 2577.
num_inconsistent_stats: 0.

CodeHeap 'non-profiled nmethods': size=120000Kb used=4410Kb max_used=4410Kb free=115589Kb
 bounds [0x00000235ce770000, 0x00000235cebc0000, 0x00000235d5ca0000]
CodeHeap 'profiled nmethods': size=120000Kb used=13098Kb max_used=13098Kb free=106901Kb
 bounds [0x00000235c6ca0000, 0x00000235c7970000, 0x00000235ce1d0000]
CodeHeap 'non-nmethods': size=5760Kb used=2831Kb max_used=2875Kb free=2928Kb
 bounds [0x00000235ce1d0000, 0x00000235ce4b0000, 0x00000235ce770000]
CodeCache: size=245760Kb, used=20339Kb, max_used=20383Kb, free=225418Kb
 total_blobs=8063, nmethods=7161, adapters=805, full_count=0
Compilation: enabled, stopped_count=0, restarted_count=0

Compilation events (20 events):
Event: 20.050 Thread 0x00000235daa3b930 nmethod 8347 0x00000235c7952e90 code [0x00000235c7953080, 0x00000235c7953658]
Event: 20.051 Thread 0x00000235daa3b930 8348       3       org.objectweb.asm.Type::getDescriptor (93 bytes)
Event: 20.052 Thread 0x00000235daa3b930 nmethod 8348 0x00000235c7953890 code [0x00000235c7953b00, 0x00000235c79541d8]
Event: 20.052 Thread 0x00000235daa3b930 8349       3       org.objectweb.asm.SymbolTable::addConstantMemberReference (147 bytes)
Event: 20.053 Thread 0x00000235daa3b930 nmethod 8349 0x00000235c7954490 code [0x00000235c7954720, 0x00000235c7954fb0]
Event: 20.053 Thread 0x00000235daa3b930 8350       3       org.objectweb.asm.Frame::pop (42 bytes)
Event: 20.054 Thread 0x00000235daa3b930 nmethod 8350 0x00000235c7955510 code [0x00000235c79556c0, 0x00000235c7955870]
Event: 20.055 Thread 0x00000235daa3b930 8351       1       com.android.build.gradle.internal.dsl.decorator.SupportedPropertyType$Collection::getImplementationType (5 bytes)
Event: 20.055 Thread 0x00000235daa3b930 nmethod 8351 0x00000235cebb6010 code [0x00000235cebb61a0, 0x00000235cebb6268]
Event: 20.056 Thread 0x00000235daa3b930 8352       3       org.objectweb.asm.Frame::<init> (10 bytes)
Event: 20.056 Thread 0x00000235daa3b930 nmethod 8352 0x00000235c7955990 code [0x00000235c7955b40, 0x00000235c7955cf8]
Event: 20.057 Thread 0x00000235daa3b930 8353       3       org.objectweb.asm.commons.GeneratorAdapter::loadThis (32 bytes)
Event: 20.059 Thread 0x00000235daa3b930 nmethod 8353 0x00000235c7955d90 code [0x00000235c7955f60, 0x00000235c7956250]
Event: 20.059 Thread 0x00000235daa3b930 8354       3       org.objectweb.asm.MethodWriter::visitVarInsn (302 bytes)
Event: 20.060 Thread 0x00000235daa3b930 nmethod 8354 0x00000235c7956390 code [0x00000235c7956600, 0x00000235c7956f78]
Event: 20.060 Thread 0x00000235daa3b930 8355       3       org.objectweb.asm.AnnotationWriter::putAnnotations (67 bytes)
Event: 20.061 Thread 0x00000235daa3b930 nmethod 8355 0x00000235c7957210 code [0x00000235c7957440, 0x00000235c7957818]
Event: 20.061 Thread 0x00000235daa3b930 8356       3       java.lang.invoke.LambdaForm$DMH/0x00000001003d9000::newInvokeSpecial (34 bytes)
Event: 20.062 Thread 0x00000235daa3b930 nmethod 8356 0x00000235c7957a90 code [0x00000235c7957c80, 0x00000235c79583f8]
Event: 20.062 Thread 0x00000235daa39f70 8357       4       org.objectweb.asm.Type::getTypeInternal (218 bytes)

GC Heap History (20 events):
Event: 12.804 GC heap before
{Heap before GC invocations=13 (full 0):
 garbage-first heap   total 97280K, used 87985K [0x00000000a0000000, 0x0000000100000000)
  region size 1024K, 29 young (29696K), 4 survivors (4096K)
 Metaspace       used 51168K, committed 52416K, reserved 1114112K
  class space    used 7005K, committed 7616K, reserved 1048576K
}
Event: 12.820 GC heap after
{Heap after GC invocations=14 (full 0):
 garbage-first heap   total 97280K, used 61594K [0x00000000a0000000, 0x0000000100000000)
  region size 1024K, 3 young (3072K), 3 survivors (3072K)
 Metaspace       used 51168K, committed 52416K, reserved 1114112K
  class space    used 7005K, committed 7616K, reserved 1048576K
}
Event: 13.372 GC heap before
{Heap before GC invocations=14 (full 0):
 garbage-first heap   total 97280K, used 87194K [0x00000000a0000000, 0x0000000100000000)
  region size 1024K, 28 young (28672K), 3 survivors (3072K)
 Metaspace       used 54396K, committed 55680K, reserved 1114112K
  class space    used 7562K, committed 8192K, reserved 1048576K
}
Event: 13.384 GC heap after
{Heap after GC invocations=15 (full 0):
 garbage-first heap   total 97280K, used 62436K [0x00000000a0000000, 0x0000000100000000)
  region size 1024K, 2 young (2048K), 2 survivors (2048K)
 Metaspace       used 54396K, committed 55680K, reserved 1114112K
  class space    used 7562K, committed 8192K, reserved 1048576K
}
Event: 13.556 GC heap before
{Heap before GC invocations=15 (full 0):
 garbage-first heap   total 97280K, used 68580K [0x00000000a0000000, 0x0000000100000000)
  region size 1024K, 9 young (9216K), 2 survivors (2048K)
 Metaspace       used 55049K, committed 56384K, reserved 1114112K
  class space    used 7686K, committed 8320K, reserved 1048576K
}
Event: 13.565 GC heap after
{Heap after GC invocations=16 (full 0):
 garbage-first heap   total 116736K, used 62806K [0x00000000a0000000, 0x0000000100000000)
  region size 1024K, 2 young (2048K), 2 survivors (2048K)
 Metaspace       used 55049K, committed 56384K, reserved 1114112K
  class space    used 7686K, committed 8320K, reserved 1048576K
}
Event: 14.534 GC heap before
{Heap before GC invocations=17 (full 0):
 garbage-first heap   total 116736K, used 105814K [0x00000000a0000000, 0x0000000100000000)
  region size 1024K, 41 young (41984K), 2 survivors (2048K)
 Metaspace       used 58942K, committed 60480K, reserved 1114112K
  class space    used 8148K, committed 8896K, reserved 1048576K
}
Event: 14.549 GC heap after
{Heap after GC invocations=18 (full 0):
 garbage-first heap   total 116736K, used 69928K [0x00000000a0000000, 0x0000000100000000)
  region size 1024K, 6 young (6144K), 6 survivors (6144K)
 Metaspace       used 58942K, committed 60480K, reserved 1114112K
  class space    used 8148K, committed 8896K, reserved 1048576K
}
Event: 15.386 GC heap before
{Heap before GC invocations=18 (full 0):
 garbage-first heap   total 116736K, used 104744K [0x00000000a0000000, 0x0000000100000000)
  region size 1024K, 40 young (40960K), 6 survivors (6144K)
 Metaspace       used 61923K, committed 63488K, reserved 1114112K
  class space    used 8672K, committed 9472K, reserved 1048576K
}
Event: 15.401 GC heap after
{Heap after GC invocations=19 (full 0):
 garbage-first heap   total 116736K, used 71450K [0x00000000a0000000, 0x0000000100000000)
  region size 1024K, 3 young (3072K), 3 survivors (3072K)
 Metaspace       used 61923K, committed 63488K, reserved 1114112K
  class space    used 8672K, committed 9472K, reserved 1048576K
}
Event: 16.193 GC heap before
{Heap before GC invocations=19 (full 0):
 garbage-first heap   total 116736K, used 104218K [0x00000000a0000000, 0x0000000100000000)
  region size 1024K, 36 young (36864K), 3 survivors (3072K)
 Metaspace       used 63396K, committed 64960K, reserved 1114112K
  class space    used 8835K, committed 9600K, reserved 1048576K
}
Event: 16.198 GC heap after
{Heap after GC invocations=20 (full 0):
 garbage-first heap   total 116736K, used 74360K [0x00000000a0000000, 0x0000000100000000)
  region size 1024K, 5 young (5120K), 5 survivors (5120K)
 Metaspace       used 63396K, committed 64960K, reserved 1114112K
  class space    used 8835K, committed 9600K, reserved 1048576K
}
Event: 17.015 GC heap before
{Heap before GC invocations=21 (full 0):
 garbage-first heap   total 124928K, used 112248K [0x00000000a0000000, 0x0000000100000000)
  region size 1024K, 37 young (37888K), 5 survivors (5120K)
 Metaspace       used 64592K, committed 66240K, reserved 1114112K
  class space    used 9042K, committed 9856K, reserved 1048576K
}
Event: 17.026 GC heap after
{Heap after GC invocations=22 (full 0):
 garbage-first heap   total 125952K, used 86170K [0x00000000a0000000, 0x0000000100000000)
  region size 1024K, 5 young (5120K), 5 survivors (5120K)
 Metaspace       used 64592K, committed 66240K, reserved 1114112K
  class space    used 9042K, committed 9856K, reserved 1048576K
}
Event: 17.715 GC heap before
{Heap before GC invocations=22 (full 0):
 garbage-first heap   total 125952K, used 114842K [0x00000000a0000000, 0x0000000100000000)
  region size 1024K, 32 young (32768K), 5 survivors (5120K)
 Metaspace       used 66979K, committed 68608K, reserved 1114112K
  class space    used 9358K, committed 10176K, reserved 1048576K
}
Event: 17.722 GC heap after
{Heap after GC invocations=23 (full 0):
 garbage-first heap   total 125952K, used 88278K [0x00000000a0000000, 0x0000000100000000)
  region size 1024K, 2 young (2048K), 2 survivors (2048K)
 Metaspace       used 66979K, committed 68608K, reserved 1114112K
  class space    used 9358K, committed 10176K, reserved 1048576K
}
Event: 18.219 GC heap before
{Heap before GC invocations=23 (full 0):
 garbage-first heap   total 125952K, used 114902K [0x00000000a0000000, 0x0000000100000000)
  region size 1024K, 28 young (28672K), 2 survivors (2048K)
 Metaspace       used 69955K, committed 71616K, reserved 1114112K
  class space    used 9692K, committed 10496K, reserved 1048576K
}
Event: 18.222 GC heap after
{Heap after GC invocations=24 (full 0):
 garbage-first heap   total 125952K, used 88827K [0x00000000a0000000, 0x0000000100000000)
  region size 1024K, 3 young (3072K), 3 survivors (3072K)
 Metaspace       used 69955K, committed 71616K, reserved 1114112K
  class space    used 9692K, committed 10496K, reserved 1048576K
}
Event: 18.998 GC heap before
{Heap before GC invocations=25 (full 0):
 garbage-first heap   total 150528K, used 115451K [0x00000000a0000000, 0x0000000100000000)
  region size 1024K, 30 young (30720K), 3 survivors (3072K)
 Metaspace       used 73078K, committed 74880K, reserved 1114112K
  class space    used 10183K, committed 11072K, reserved 1048576K
}
Event: 19.003 GC heap after
{Heap after GC invocations=26 (full 0):
 garbage-first heap   total 150528K, used 89986K [0x00000000a0000000, 0x0000000100000000)
  region size 1024K, 4 young (4096K), 4 survivors (4096K)
 Metaspace       used 73078K, committed 74880K, reserved 1114112K
  class space    used 10183K, committed 11072K, reserved 1048576K
}

Dll operation events (3 events):
Event: 0.019 Loaded shared library C:\Program Files\Android\Android Studio\jbr\bin\java.dll
Event: 0.031 Loaded shared library C:\Program Files\Android\Android Studio\jbr\bin\zip.dll
Event: 1.919 Loaded shared library C:\Program Files\Android\Android Studio\jbr\bin\verify.dll

Deoptimization events (20 events):
Event: 19.547 Thread 0x00000235e0516420 Uncommon trap: trap_request=0xffffff45 fr.pc=0x00000235ce82b808 relative=0x0000000000000068
Event: 19.547 Thread 0x00000235e0516420 Uncommon trap: reason=unstable_if action=reinterpret pc=0x00000235ce82b808 method=java.util.regex.Pattern.has(I)Z @ 6 c2
Event: 19.547 Thread 0x00000235e0516420 DEOPT PACKING pc=0x00000235ce82b808 sp=0x00000092dbef4e20
Event: 19.547 Thread 0x00000235e0516420 DEOPT UNPACKING pc=0x00000235ce227aa2 sp=0x00000092dbef4db0 mode 2
Event: 19.633 Thread 0x00000235e0516420 Uncommon trap: trap_request=0xffffffc6 fr.pc=0x00000235ce8839c8 relative=0x0000000000000068
Event: 19.633 Thread 0x00000235e0516420 Uncommon trap: reason=bimorphic_or_optimized_type_check action=maybe_recompile pc=0x00000235ce8839c8 method=java.util.AbstractQueue.add(Ljava/lang/Object;)Z @ 2 c2
Event: 19.633 Thread 0x00000235e0516420 DEOPT PACKING pc=0x00000235ce8839c8 sp=0x00000092dbef5ff0
Event: 19.633 Thread 0x00000235e0516420 DEOPT UNPACKING pc=0x00000235ce227aa2 sp=0x00000092dbef5fb8 mode 2
Event: 19.633 Thread 0x00000235e0516420 Uncommon trap: trap_request=0xffffffc6 fr.pc=0x00000235ce8839c8 relative=0x0000000000000068
Event: 19.633 Thread 0x00000235e0516420 Uncommon trap: reason=bimorphic_or_optimized_type_check action=maybe_recompile pc=0x00000235ce8839c8 method=java.util.AbstractQueue.add(Ljava/lang/Object;)Z @ 2 c2
Event: 19.633 Thread 0x00000235e0516420 DEOPT PACKING pc=0x00000235ce8839c8 sp=0x00000092dbef5ff0
Event: 19.633 Thread 0x00000235e0516420 DEOPT UNPACKING pc=0x00000235ce227aa2 sp=0x00000092dbef5fb8 mode 2
Event: 19.728 Thread 0x00000235e0516420 Uncommon trap: trap_request=0xffffffc6 fr.pc=0x00000235ce8839c8 relative=0x0000000000000068
Event: 19.728 Thread 0x00000235e0516420 Uncommon trap: reason=bimorphic_or_optimized_type_check action=maybe_recompile pc=0x00000235ce8839c8 method=java.util.AbstractQueue.add(Ljava/lang/Object;)Z @ 2 c2
Event: 19.728 Thread 0x00000235e0516420 DEOPT PACKING pc=0x00000235ce8839c8 sp=0x00000092dbef58c0
Event: 19.728 Thread 0x00000235e0516420 DEOPT UNPACKING pc=0x00000235ce227aa2 sp=0x00000092dbef5888 mode 2
Event: 19.728 Thread 0x00000235e0516420 Uncommon trap: trap_request=0xffffffc6 fr.pc=0x00000235ce8839c8 relative=0x0000000000000068
Event: 19.728 Thread 0x00000235e0516420 Uncommon trap: reason=bimorphic_or_optimized_type_check action=maybe_recompile pc=0x00000235ce8839c8 method=java.util.AbstractQueue.add(Ljava/lang/Object;)Z @ 2 c2
Event: 19.728 Thread 0x00000235e0516420 DEOPT PACKING pc=0x00000235ce8839c8 sp=0x00000092dbef58c0
Event: 19.728 Thread 0x00000235e0516420 DEOPT UNPACKING pc=0x00000235ce227aa2 sp=0x00000092dbef5888 mode 2

Classes loaded (20 events):
Event: 19.176 Loading class sun/security/util/KeyUtil
Event: 19.177 Loading class sun/security/util/KeyUtil done
Event: 19.177 Loading class sun/security/util/Length
Event: 19.177 Loading class sun/security/util/Length done
Event: 19.177 Loading class javax/crypto/SecretKey
Event: 19.179 Loading class javax/crypto/SecretKey done
Event: 19.180 Loading class java/util/Base64
Event: 19.182 Loading class java/util/Base64 done
Event: 19.182 Loading class java/util/Base64$Decoder
Event: 19.182 Loading class java/util/Base64$Decoder done
Event: 19.182 Loading class java/util/Base64$Encoder
Event: 19.183 Loading class java/util/Base64$Encoder done
Event: 19.184 Loading class java/util/jar/JarVerifier$VerifierStream
Event: 19.185 Loading class java/util/jar/JarVerifier$VerifierStream done
Event: 19.185 Loading class sun/security/util/ManifestEntryVerifier$SunProviderHolder
Event: 19.185 Loading class sun/security/util/ManifestEntryVerifier$SunProviderHolder done
Event: 19.622 Loading class java/lang/foreign/ValueLayout
Event: 19.623 Loading class java/lang/foreign/MemoryLayout
Event: 19.624 Loading class java/lang/foreign/MemoryLayout done
Event: 19.624 Loading class java/lang/foreign/ValueLayout done

Classes unloaded (0 events):
No events

Classes redefined (0 events):
No events

Internal exceptions (20 events):
Event: 16.697 Thread 0x00000235e0516420 Exception <a 'java/lang/ClassNotFoundException'{0x00000000a59e8200}: org/gradle/api/tasks/DeleteBeanInfo> (0x00000000a59e8200) 
thrown [s\src\hotspot\share\classfile\systemDictionary.cpp, line 312]
Event: 16.698 Thread 0x00000235e0516420 Exception <a 'java/lang/ClassNotFoundException'{0x00000000a59fc7d8}: org/gradle/api/internal/ConventionTaskBeanInfo> (0x00000000a59fc7d8) 
thrown [s\src\hotspot\share\classfile\systemDictionary.cpp, line 312]
Event: 16.699 Thread 0x00000235e0516420 Exception <a 'java/lang/ClassNotFoundException'{0x00000000a5810f70}: org/gradle/api/DefaultTaskBeanInfo> (0x00000000a5810f70) 
thrown [s\src\hotspot\share\classfile\systemDictionary.cpp, line 312]
Event: 16.699 Thread 0x00000235e0516420 Exception <a 'java/lang/ClassNotFoundException'{0x00000000a58254c8}: org/gradle/api/internal/AbstractTaskBeanInfo> (0x00000000a58254c8) 
thrown [s\src\hotspot\share\classfile\systemDictionary.cpp, line 312]
Event: 16.700 Thread 0x00000235e0516420 Exception <a 'java/lang/ClassNotFoundException'{0x00000000a5839a80}: org/gradle/api/internal/AbstractTaskCustomizer> (0x00000000a5839a80) 
thrown [s\src\hotspot\share\classfile\systemDictionary.cpp, line 312]
Event: 16.705 Thread 0x00000235e0516420 Exception <a 'java/lang/ClassNotFoundException'{0x00000000a58a7780}: org/gradle/api/DefaultTaskCustomizer> (0x00000000a58a7780) 
thrown [s\src\hotspot\share\classfile\systemDictionary.cpp, line 312]
Event: 16.708 Thread 0x00000235e0516420 Exception <a 'java/lang/ClassNotFoundException'{0x00000000a57191d8}: org/gradle/api/internal/ConventionTaskCustomizer> (0x00000000a57191d8) 
thrown [s\src\hotspot\share\classfile\systemDictionary.cpp, line 312]
Event: 16.709 Thread 0x00000235e0516420 Exception <a 'java/lang/ClassNotFoundException'{0x00000000a5748db8}: org/gradle/api/tasks/DeleteCustomizer> (0x00000000a5748db8) 
thrown [s\src\hotspot\share\classfile\systemDictionary.cpp, line 312]
Event: 16.710 Thread 0x00000235e0516420 Exception <a 'java/lang/ClassNotFoundException'{0x00000000a57716a8}: org/gradle/api/tasks/Delete_DecoratedCustomizer> (0x00000000a57716a8) 
thrown [s\src\hotspot\share\classfile\systemDictionary.cpp, line 312]
Event: 16.720 Thread 0x00000235e0516420 Exception <a 'java/lang/NoSuchMethodError'{0x00000000a5607658}: 'void java.lang.invoke.DirectMethodHandle$Holder.invokeInterface(java.lang.Object, java.lang.Object, java.lang.Object, java.lang.Object)'> (0x00000000a5607658) 
thrown [s\src\hotspot\share\interpreter\linkResolver.cpp, line 784]
Event: 16.739 Thread 0x00000235e0516420 Exception <a 'java/lang/ClassNotFoundException'{0x00000000a56d9858}: build_dbaa91pz9o22kqxfs385ujvq2BeanInfo> (0x00000000a56d9858) 
thrown [s\src\hotspot\share\classfile\systemDictionary.cpp, line 312]
Event: 16.739 Thread 0x00000235e0516420 Exception <a 'java/lang/ClassNotFoundException'{0x00000000a56e0b58}: build_dbaa91pz9o22kqxfs385ujvq2Customizer> (0x00000000a56e0b58) 
thrown [s\src\hotspot\share\classfile\systemDictionary.cpp, line 312]
Event: 16.749 Thread 0x00000235e0516420 Exception <a 'java/lang/ClassNotFoundException'{0x00000000a553ce18}: org/gradle/plugin/use/internal/PluginRequestCollector$PluginDependenciesSpecImplBeanInfo> (0x00000000a553ce18) 
thrown [s\src\hotspot\share\classfile\systemDictionary.cpp, line 312]
Event: 16.750 Thread 0x00000235e0516420 Exception <a 'java/lang/ClassNotFoundException'{0x00000000a554e1c0}: org/gradle/plugin/use/internal/PluginRequestCollector$PluginDependenciesSpecImplCustomizer> (0x00000000a554e1c0) 
thrown [s\src\hotspot\share\classfile\systemDictionary.cpp, line 312]
Event: 16.753 Thread 0x00000235e0516420 Exception <a 'java/lang/NoSuchMethodError'{0x00000000a5560890}: 'java.lang.Object java.lang.invoke.DirectMethodHandle$Holder.invokeVirtual(java.lang.Object, java.lang.Object, java.lang.Object, int)'> (0x00000000a5560890) 
thrown [s\src\hotspot\share\interpreter\linkResolver.cpp, line 784]
Event: 18.774 Thread 0x00000235e0516420 Exception <a 'java/lang/NoSuchMethodError'{0x00000000a77bbb38}: 'java.lang.Object java.lang.invoke.DirectMethodHandle$Holder.newInvokeSpecial(java.lang.Object, java.lang.Object, java.lang.Object, java.lang.Object, java.lang.Object, java.lang.Object, java.lang.Object, java.lang.Object, java.lang.Object, java.lang.Object, java.lang.Object, java.lang.Object, java.lang.Object, java.lang.Object, java.lang.Object, java.lang.Object)'> (0x00000000a77bbb38) 
thrown [s\src\hotspot\share\interpreter\linkResolver.cpp,
Event: 18.774 Thread 0x00000235e0516420 Exception <a 'java/lang/NoSuchMethodError'{0x00000000a77c2a28}: 'java.lang.Object java.lang.invoke.DirectMethodHandle$Holder.invokeSpecial(java.lang.Object, java.lang.Object, java.lang.Object, java.lang.Object, java.lang.Object, java.lang.Object, java.lang.Object, java.lang.Object, java.lang.Object, java.lang.Object, java.lang.Object, java.lang.Object, java.lang.Object, java.lang.Object, java.lang.Object, java.lang.Object, java.lang.Object)'> (0x00000000a77c2a28) 
thrown [s\src\hotspot\share\interpreter\li
Event: 18.774 Thread 0x00000235e0516420 Exception <a 'java/lang/NoSuchMethodError'{0x00000000a77c8b30}: 'java.lang.Object java.lang.invoke.DelegatingMethodHandle$Holder.reinvoke_L(java.lang.Object, java.lang.Object, java.lang.Object, java.lang.Object, java.lang.Object, java.lang.Object, java.lang.Object, java.lang.Object, java.lang.Object, java.lang.Object, java.lang.Object, java.lang.Object, java.lang.Object, java.lang.Object, java.lang.Object, java.lang.Object)'> (0x00000000a77c8b30) 
thrown [s\src\hotspot\share\interpreter\linkResolver.cpp, l
Event: 18.782 Thread 0x00000235e0516420 Exception <a 'sun/nio/fs/WindowsException'{0x00000000a7668f98}> (0x00000000a7668f98) 
thrown [s\src\hotspot\share\prims\jni.cpp, line 537]
Event: 19.242 Thread 0x00000235e0516420 Implicit null exception at 0x00000235cea19578 to 0x00000235cea19dde

ZGC Phase Switch (0 events):
No events

VM Operations (20 events):
Event: 16.259 Executing VM operation: G1PauseRemark
Event: 16.264 Executing VM operation: G1PauseRemark done
Event: 16.293 Executing VM operation: G1PauseCleanup
Event: 16.294 Executing VM operation: G1PauseCleanup done
Event: 17.014 Executing VM operation: G1CollectForAllocation (G1 Evacuation Pause)
Event: 17.026 Executing VM operation: G1CollectForAllocation (G1 Evacuation Pause) done
Event: 17.715 Executing VM operation: G1CollectForAllocation (G1 Evacuation Pause)
Event: 17.722 Executing VM operation: G1CollectForAllocation (G1 Evacuation Pause) done
Event: 18.219 Executing VM operation: G1CollectForAllocation (G1 Evacuation Pause)
Event: 18.222 Executing VM operation: G1CollectForAllocation (G1 Evacuation Pause) done
Event: 18.282 Executing VM operation: G1PauseRemark
Event: 18.288 Executing VM operation: G1PauseRemark done
Event: 18.321 Executing VM operation: G1PauseCleanup
Event: 18.321 Executing VM operation: G1PauseCleanup done
Event: 18.998 Executing VM operation: G1CollectForAllocation (G1 Evacuation Pause)
Event: 19.003 Executing VM operation: G1CollectForAllocation (G1 Evacuation Pause) done
Event: 19.048 Executing VM operation: HandshakeAllThreads (Deoptimize)
Event: 19.049 Executing VM operation: HandshakeAllThreads (Deoptimize) done
Event: 20.057 Executing VM operation: Cleanup
Event: 20.057 Executing VM operation: Cleanup done

Memory protections (0 events):
No events

Nmethod flushes (20 events):
Event: 18.286 Thread 0x00000235da9c0c10 flushing  nmethod 0x00000235c6d2fe90
Event: 18.286 Thread 0x00000235da9c0c10 flushing  nmethod 0x00000235c6d7b890
Event: 18.286 Thread 0x00000235da9c0c10 flushing  nmethod 0x00000235c6d7ea10
Event: 18.286 Thread 0x00000235da9c0c10 flushing  nmethod 0x00000235c6d7fe10
Event: 18.286 Thread 0x00000235da9c0c10 flushing  nmethod 0x00000235c6d81790
Event: 18.286 Thread 0x00000235da9c0c10 flushing  nmethod 0x00000235c6dc0010
Event: 18.286 Thread 0x00000235da9c0c10 flushing  nmethod 0x00000235c6e59710
Event: 18.286 Thread 0x00000235da9c0c10 flushing  nmethod 0x00000235c6e99110
Event: 18.286 Thread 0x00000235da9c0c10 flushing  nmethod 0x00000235c7087b10
Event: 18.286 Thread 0x00000235da9c0c10 flushing  nmethod 0x00000235c7092e10
Event: 18.286 Thread 0x00000235da9c0c10 flushing  nmethod 0x00000235c7117110
Event: 18.286 Thread 0x00000235da9c0c10 flushing  nmethod 0x00000235c71da910
Event: 18.286 Thread 0x00000235da9c0c10 flushing  nmethod 0x00000235c71daf90
Event: 18.286 Thread 0x00000235da9c0c10 flushing  nmethod 0x00000235c72eed10
Event: 18.286 Thread 0x00000235da9c0c10 flushing  nmethod 0x00000235c73d7b10
Event: 18.286 Thread 0x00000235da9c0c10 flushing  nmethod 0x00000235c73db590
Event: 18.286 Thread 0x00000235da9c0c10 flushing  nmethod 0x00000235c745c090
Event: 18.286 Thread 0x00000235da9c0c10 flushing  nmethod 0x00000235c74cd390
Event: 18.286 Thread 0x00000235da9c0c10 flushing  nmethod 0x00000235c755dc90
Event: 18.286 Thread 0x00000235da9c0c10 flushing  nmethod 0x00000235c75e3110

Events (20 events):
Event: 15.420 Thread 0x00000235e1c77740 Thread exited: 0x00000235e1c77740
Event: 15.829 Thread 0x00000235daa3b930 Thread added: 0x00000235e46b2fb0
Event: 15.934 Thread 0x00000235e0516420 Thread added: 0x00000235e1c61680
Event: 15.934 Thread 0x00000235e0516420 Thread added: 0x00000235e1c60ff0
Event: 15.934 Thread 0x00000235e0516420 Thread added: 0x00000235e1c602d0
Event: 15.934 Thread 0x00000235e0516420 Thread added: 0x00000235e42f6830
Event: 15.934 Thread 0x00000235e0516420 Thread added: 0x00000235e42f61a0
Event: 15.934 Thread 0x00000235e0516420 Thread added: 0x00000235e42f6ec0
Event: 15.934 Thread 0x00000235e0516420 Thread added: 0x00000235e42f40d0
Event: 16.014 Thread 0x00000235e0516420 Thread added: 0x00000235e42f7be0
Event: 16.016 Thread 0x00000235e0516420 Thread added: 0x00000235e42f5480
Event: 16.019 Thread 0x00000235e0516420 Thread added: 0x00000235e42f5b10
Event: 16.021 Thread 0x00000235e0516420 Thread added: 0x00000235e42f4760
Event: 16.022 Thread 0x00000235e0516420 Thread added: 0x00000235e42f8270
Event: 16.025 Thread 0x00000235e0516420 Thread added: 0x00000235e42f4df0
Event: 16.027 Thread 0x00000235e0516420 Thread added: 0x00000235e42f9620
Event: 17.530 Thread 0x00000235e46b2fb0 Thread exited: 0x00000235e46b2fb0
Event: 18.516 Thread 0x00000235daa3b930 Thread added: 0x00000235dac7cbd0
Event: 18.867 Thread 0x00000235e0516420 Thread added: 0x00000235e23459f0
Event: 19.236 Thread 0x00000235daa3b930 Thread added: 0x00000235e21b6bd0


Dynamic libraries:
0x00007ff71ff60000 - 0x00007ff71ff6a000 	C:\Program Files\Android\Android Studio\jbr\bin\java.exe
0x00007ff85f820000 - 0x00007ff85fa87000 	C:\WINDOWS\SYSTEM32\ntdll.dll
0x00007ff85ed60000 - 0x00007ff85ee29000 	C:\WINDOWS\System32\KERNEL32.DLL
0x00007ff85d030000 - 0x00007ff85d427000 	C:\WINDOWS\System32\KERNELBASE.dll
0x00007ff85c250000 - 0x00007ff85c39b000 	C:\WINDOWS\System32\ucrtbase.dll
0x00007ff84c110000 - 0x00007ff84c128000 	C:\Program Files\Android\Android Studio\jbr\bin\jli.dll
0x00007ff85db40000 - 0x00007ff85dd06000 	C:\WINDOWS\System32\USER32.dll
0x00007ff85c610000 - 0x00007ff85c637000 	C:\WINDOWS\System32\win32u.dll
0x00007ff85b9a0000 - 0x00007ff85b9bb000 	C:\Program Files\Android\Android Studio\jbr\bin\VCRUNTIME140.dll
0x00007ff85f7a0000 - 0x00007ff85f7cb000 	C:\WINDOWS\System32\GDI32.dll
0x00007ff85c430000 - 0x00007ff85c55c000 	C:\WINDOWS\System32\gdi32full.dll
0x00007ff85b350000 - 0x00007ff85b5e2000 	C:\WINDOWS\WinSxS\amd64_microsoft.windows.common-controls_6595b64144ccf1df_6.0.26100.8457_none_3e0b2faee331e92d\COMCTL32.dll
0x00007ff85d430000 - 0x00007ff85d4d3000 	C:\WINDOWS\System32\msvcp_win.dll
0x00007ff85e2e0000 - 0x00007ff85e389000 	C:\WINDOWS\System32\msvcrt.dll
0x00007ff85d690000 - 0x00007ff85d6c2000 	C:\WINDOWS\System32\IMM32.DLL
0x00007ff85b980000 - 0x00007ff85b98c000 	C:\Program Files\Android\Android Studio\jbr\bin\vcruntime140_1.dll
0x00007ff82ce90000 - 0x00007ff82cf1d000 	C:\Program Files\Android\Android Studio\jbr\bin\msvcp140.dll
0x00007ff8058c0000 - 0x00007ff806556000 	C:\Program Files\Android\Android Studio\jbr\bin\server\jvm.dll
0x00007ff85d8a0000 - 0x00007ff85d956000 	C:\WINDOWS\System32\ADVAPI32.dll
0x00007ff85d6d0000 - 0x00007ff85d777000 	C:\WINDOWS\System32\sechost.dll
0x00007ff85d780000 - 0x00007ff85d898000 	C:\WINDOWS\System32\RPCRT4.dll
0x00007ff85d600000 - 0x00007ff85d680000 	C:\WINDOWS\System32\WS2_32.dll
0x00007ff85c0b0000 - 0x00007ff85c10e000 	C:\WINDOWS\SYSTEM32\POWRPROF.dll
0x00007ff84ab20000 - 0x00007ff84ab56000 	C:\WINDOWS\SYSTEM32\WINMM.dll
0x00007ff855bd0000 - 0x00007ff855bdb000 	C:\WINDOWS\SYSTEM32\VERSION.dll
0x00007ff85c090000 - 0x00007ff85c0a4000 	C:\WINDOWS\SYSTEM32\UMPDC.dll
0x00007ff85a720000 - 0x00007ff85a73b000 	C:\WINDOWS\SYSTEM32\kernel.appcore.dll
0x00007ff85b940000 - 0x00007ff85b94a000 	C:\Program Files\Android\Android Studio\jbr\bin\jimage.dll
0x00007ff85ba20000 - 0x00007ff85bc62000 	C:\WINDOWS\SYSTEM32\DBGHELP.DLL
0x00007ff85f2e0000 - 0x00007ff85f663000 	C:\WINDOWS\System32\combase.dll
0x00007ff85f6c0000 - 0x00007ff85f799000 	C:\WINDOWS\System32\OLEAUT32.dll
0x00007ff85b8f0000 - 0x00007ff85b92b000 	C:\WINDOWS\SYSTEM32\dbgcore.DLL
0x00007ff85c560000 - 0x00007ff85c608000 	C:\WINDOWS\System32\bcryptPrimitives.dll
0x00007ff856b20000 - 0x00007ff856b2e000 	C:\Program Files\Android\Android Studio\jbr\bin\instrument.dll
0x00007ff856b50000 - 0x00007ff856b70000 	C:\Program Files\Android\Android Studio\jbr\bin\java.dll
0x00007ff856ab0000 - 0x00007ff856ac8000 	C:\Program Files\Android\Android Studio\jbr\bin\zip.dll
0x00007ff85e390000 - 0x00007ff85eafe000 	C:\WINDOWS\System32\SHELL32.dll
0x00007ff85c640000 - 0x00007ff85ceac000 	C:\WINDOWS\System32\windows.storage.dll
0x00007ff85ebe0000 - 0x00007ff85ecd6000 	C:\WINDOWS\System32\SHCORE.dll
0x00007ff85eb10000 - 0x00007ff85eb76000 	C:\WINDOWS\System32\shlwapi.dll
0x00007ff85c170000 - 0x00007ff85c199000 	C:\WINDOWS\SYSTEM32\profapi.dll
0x00007ff856aa0000 - 0x00007ff856ab0000 	C:\Program Files\Android\Android Studio\jbr\bin\net.dll
0x00007ff854dc0000 - 0x00007ff854ee9000 	C:\WINDOWS\SYSTEM32\WINHTTP.dll
0x00007ff85add0000 - 0x00007ff85ae3c000 	C:\WINDOWS\system32\mswsock.dll
0x00007ff855b90000 - 0x00007ff855ba6000 	C:\Program Files\Android\Android Studio\jbr\bin\nio.dll
0x00007ff84cd60000 - 0x00007ff84cd70000 	C:\Program Files\Android\Android Studio\jbr\bin\verify.dll
0x00007ff84ae50000 - 0x00007ff84ae77000 	C:\Users\ibtis\.gradle\native\c067742578af261105cb4f569cf0c3c89f3d7b1fecec35dd04571415982c5e48\windows-amd64\native-platform.dll
0x00007ff81f5c0000 - 0x00007ff81f704000 	C:\Users\ibtis\.gradle\native\38dada09dfb8b06ba9b0570ebf7e218e3eb74d4ef43ca46872605cf95ebc2f47\windows-amd64\native-platform-file-events.dll
0x00007ff856a60000 - 0x00007ff856a69000 	C:\Program Files\Android\Android Studio\jbr\bin\management.dll
0x00007ff855b80000 - 0x00007ff855b8b000 	C:\Program Files\Android\Android Studio\jbr\bin\management_ext.dll
0x00007ff85f2d0000 - 0x00007ff85f2d8000 	C:\WINDOWS\System32\PSAPI.DLL
0x00007ff85bd70000 - 0x00007ff85bd8b000 	C:\WINDOWS\SYSTEM32\CRYPTSP.dll
0x00007ff85a680000 - 0x00007ff85a6b9000 	C:\WINDOWS\system32\rsaenh.dll
0x00007ff85ae80000 - 0x00007ff85aeb3000 	C:\WINDOWS\SYSTEM32\USERENV.dll
0x00007ff85c140000 - 0x00007ff85c16a000 	C:\WINDOWS\SYSTEM32\bcrypt.dll
0x00007ff85b140000 - 0x00007ff85b14c000 	C:\WINDOWS\SYSTEM32\CRYPTBASE.dll
0x00007ff85a100000 - 0x00007ff85a132000 	C:\WINDOWS\SYSTEM32\IPHLPAPI.DLL
0x00007ff85d5a0000 - 0x00007ff85d5aa000 	C:\WINDOWS\System32\NSI.dll
0x00007ff856a90000 - 0x00007ff856a99000 	C:\Program Files\Android\Android Studio\jbr\bin\extnet.dll
0x00007ff843560000 - 0x00007ff843568000 	C:\WINDOWS\system32\wshunix.dll

JVMTI agents:
C:\Users\ibtis\.gradle\wrapper\dists\gradle-8.7-all\aan3ydargesu18aqyqjwhr3pc\gradle-8.7\lib\agents\gradle-instrumentation-agent-8.7.jar path:C:\Program Files\Android\Android Studio\jbr\bin\instrument.dll, loaded, initialized, instrumentlib options:none

dbghelp: loaded successfully - version: 4.0.5 - missing functions: none
symbol engine: initialized successfully - sym options: 0x614 - pdb path: .;C:\Program Files\Android\Android Studio\jbr\bin;C:\WINDOWS\SYSTEM32;C:\WINDOWS\WinSxS\amd64_microsoft.windows.common-controls_6595b64144ccf1df_6.0.26100.8457_none_3e0b2faee331e92d;C:\Program Files\Android\Android Studio\jbr\bin\server;C:\Users\ibtis\.gradle\native\c067742578af261105cb4f569cf0c3c89f3d7b1fecec35dd04571415982c5e48\windows-amd64;C:\Users\ibtis\.gradle\native\38dada09dfb8b06ba9b0570ebf7e218e3eb74d4ef43ca46872605cf95ebc2f47\windows-amd64

VM Arguments:
jvm_args: --add-opens=java.base/java.util=ALL-UNNAMED --add-opens=java.base/java.lang=ALL-UNNAMED --add-opens=java.base/java.lang.invoke=ALL-UNNAMED --add-opens=java.prefs/java.util.prefs=ALL-UNNAMED --add-opens=java.base/java.nio.charset=ALL-UNNAMED --add-opens=java.base/java.net=ALL-UNNAMED --add-opens=java.base/java.util.concurrent.atomic=ALL-UNNAMED -Xmx1536m -Dfile.encoding=UTF-8 -Duser.country=FR -Duser.language=fr -Duser.variant -javaagent:C:\Users\ibtis\.gradle\wrapper\dists\gradle-8.7-all\aan3ydargesu18aqyqjwhr3pc\gradle-8.7\lib\agents\gradle-instrumentation-agent-8.7.jar 
java_command: org.gradle.launcher.daemon.bootstrap.GradleDaemon 8.7
java_class_path (initial): C:\Users\ibtis\.gradle\wrapper\dists\gradle-8.7-all\aan3ydargesu18aqyqjwhr3pc\gradle-8.7\lib\gradle-launcher-8.7.jar
Launcher Type: SUN_STANDARD

[Global flags]
     intx CICompilerCount                          = 4                                         {product} {ergonomic}
     uint ConcGCThreads                            = 2                                         {product} {ergonomic}
     uint G1ConcRefinementThreads                  = 8                                         {product} {ergonomic}
   size_t G1HeapRegionSize                         = 1048576                                   {product} {ergonomic}
    uintx GCDrainStackTargetSize                   = 64                                        {product} {ergonomic}
   size_t InitialHeapSize                          = 199229440                                 {product} {ergonomic}
   size_t MarkStackSize                            = 4194304                                   {product} {ergonomic}
   size_t MaxHeapSize                              = 1610612736                                {product} {command line}
   size_t MaxNewSize                               = 965738496                                 {product} {ergonomic}
   size_t MinHeapDeltaBytes                        = 1048576                                   {product} {ergonomic}
   size_t MinHeapSize                              = 8388608                                   {product} {ergonomic}
    uintx NonNMethodCodeHeapSize                   = 5839372                                {pd product} {ergonomic}
    uintx NonProfiledCodeHeapSize                  = 122909434                              {pd product} {ergonomic}
    uintx ProfiledCodeHeapSize                     = 122909434                              {pd product} {ergonomic}
    uintx ReservedCodeCacheSize                    = 251658240                              {pd product} {ergonomic}
     bool SegmentedCodeCache                       = true                                      {product} {ergonomic}
   size_t SoftMaxHeapSize                          = 1610612736                             {manageable} {ergonomic}
     bool UseCompressedOops                        = true                           {product lp64_product} {ergonomic}
     bool UseG1GC                                  = true                                      {product} {ergonomic}
     bool UseLargePagesIndividualAllocation        = false                                  {pd product} {ergonomic}

Logging:
Log output configuration:
 #0: stdout all=warning uptime,level,tags foldmultilines=false
 #1: stderr all=off uptime,level,tags foldmultilines=false

Release file:
JAVA_VERSION="21.0.9" 
MODULES="java.base java.compiler java.datatransfer java.xml java.prefs java.desktop java.instrument java.logging java.management java.security.sasl java.naming java.rmi java.management.rmi java.net.http java.scripting java.security.jgss java.transaction.xa java.sql java.sql.rowset java.xml.crypto java.se java.smartcardio jdk.accessibility jdk.internal.jvmstat jdk.attach jdk.charsets jdk.internal.opt jdk.zipfs jdk.compiler jdk.crypto.ec jdk.crypto.cryptoki jdk.dynalink jdk.hotspot.agent jdk.httpserver jdk.internal.ed jdk.internal.le jdk.internal.vm.ci jdk.jartool jdk.javadoc jdk.jcmd jdk.jdeps jdk.jdwp.agent jdk.jdi jdk.jfr jdk.jlink jdk.jsobject jdk.localedata jdk.management jdk.management.agent jdk.management.jfr jdk.naming.dns jdk.naming.rmi jdk.net jdk.sctp jdk.security.auth jdk.security.jgss jdk.unsupported jdk.unsupported.desktop jdk.xml.dom" 
IMPLEMENTOR="JetBrains s.r.o." 
JAVA_RUNTIME_VERSION="21.0.9+-14787801-b1163.94" 
LIBC="default" 
OS_ARCH="x86_64" 
OS_NAME="Windows" 
SOURCE=".:git:0c757ddc9f2f" 

Environment Variables:
PATH=C:\Program Files\Common Files\Oracle\Java\javapath;C:\Program Files (x86)\VMware\VMware Workstation\bin\;C:\WINDOWS\system32;C:\WINDOWS;C:\WINDOWS\System32\Wbem;C:\WINDOWS\System32\WindowsPowerShell\v1.0\;C:\WINDOWS\System32\OpenSSH\;C:\Program Files\dotnet\;C:\php;C:\Program Files\Git\cmd;C:\Program Files\Maven\apache-maven-3.9.15\bin;C:\Program Files\nodejs\;C:\Program Files\Docker\Docker\resources\bin;C:\Program Files\MySQL\MySQL Shell 8.0\bin\;C:\Users\ibtis\AppData\Local\Programs\Python\Python312\Scripts\;C:\Users\ibtis\AppData\Local\Programs\Python\Python312\;C:\Users\ibtis\AppData\Local\Programs\Python\Launcher\;C:\Users\ibtis\AppData\Local\Microsoft\WindowsApps;C:\Users\ibtis\AppData\Local\Programs\Microsoft VS Code\bin;C:\Program Files\Java\jdk-25.0.2;C:\Users\ibtis\AppData\Roaming\npm;C:\platform-tools;C:\Users\ibtis\AppData\Local\Programs\Antigravity IDE\bin
USERNAME=ibtis
OS=Windows_NT
PROCESSOR_IDENTIFIER=Intel64 Family 6 Model 126 Stepping 5, GenuineIntel
TMP=C:\Users\ibtis\AppData\Local\Temp
TEMP=C:\Users\ibtis\AppData\Local\Temp




Periodic native trim disabled

JNI global refs:
JNI global refs: 26, weak refs: 0

JNI global refs memory usage: 835, weak refs: 833

Process memory usage:
Resident Set Size: 378068K (3% of 12383228K total physical memory with 1674764K free physical memory)

OOME stack traces (most recent first):
Classloader memory used:
Loader org.gradle.internal.classloader.VisitableURLClassLoader                         : 31106K
Loader bootstrap                                                                       : 25463K
Loader org.gradle.initialization.MixInLegacyTypesClassLoader                           : 9628K
Loader org.gradle.internal.classloader.VisitableURLClassLoader$InstrumentingVisitableURLClassLoader: 8844K
Loader org.gradle.internal.classloader.VisitableURLClassLoader                         : 927K
Loader jdk.internal.loader.ClassLoaders$PlatformClassLoader                            : 540K
Loader jdk.internal.loader.ClassLoaders$AppClassLoader                                 : 230K
Loader jdk.internal.reflect.DelegatingClassLoader                                      : 226K
Loader org.gradle.groovy.scripts.internal.DefaultScriptCompilationHandler$ScriptClassLoader: 178K
Loader org.codehaus.groovy.runtime.callsite.CallSiteClassLoader                        : 54432B

Classes loaded by more than one classloader:
Class com.google.common.collect.Iterators$MergingIterator                             : loaded 3 times (x 81B)
Class com.google.common.collect.PeekingIterator                                       : loaded 3 times (x 70B)
Class com.google.common.base.Preconditions                                            : loaded 3 times (x 71B)
Class org.gradle.internal.IoActions                                                   : loaded 3 times (x 71B)
Class org.gradle.api.GradleException                                                  : loaded 3 times (x 82B)
Class org.gradle.api.Action                                                           : loaded 3 times (x 70B)
Class org.gradle.internal.Cast                                                        : loaded 3 times (x 71B)
Class com.google.common.collect.ImmutableList                                         : loaded 3 times (x 206B)
Class com.google.common.collect.Iterators$9                                           : loaded 3 times (x 81B)
Class com.google.common.collect.Lists                                                 : loaded 3 times (x 71B)
Class com.google.common.collect.ImmutableCollection                                   : loaded 3 times (x 125B)
Class com.google.common.collect.Iterators$5                                           : loaded 3 times (x 82B)
Class com.google.common.collect.Iterators$4                                           : loaded 3 times (x 82B)
Class com.google.common.collect.Iterators$1                                           : loaded 3 times (x 81B)
Class com.google.common.collect.AbstractIndexedListIterator                           : loaded 3 times (x 96B)
Class com.google.common.collect.AbstractIterator                                      : loaded 3 times (x 82B)
Class com.google.common.collect.UnmodifiableListIterator                              : loaded 3 times (x 95B)
Class com.google.common.collect.Lists$StringAsImmutableList                           : loaded 3 times (x 207B)
Class com.google.common.collect.Iterators                                             : loaded 3 times (x 71B)
Class com.google.common.collect.UnmodifiableIterator                                  : loaded 3 times (x 80B)
Class com.google.common.collect.Iterators$ArrayItr                                    : loaded 3 times (x 97B)
Class com.google.common.base.Platform$JdkPatternCompiler                              : loaded 2 times (x 75B)
Class org.gradle.internal.classloader.DefaultClassLoaderFactory                       : loaded 2 times (x 82B)
Class com.google.common.base.CharMatcher$None                                         : loaded 2 times (x 112B)
Class kotlin.collections.AbstractList$Companion                                       : loaded 2 times (x 71B)
Class org.gradle.internal.classloader.ClassLoaderVisitor                              : loaded 2 times (x 76B)
Class [Lcom.google.common.collect.ImmutableMapEntry;                                  : loaded 2 times (x 69B)
Class org.gradle.api.internal.classpath.EffectiveClassPath                            : loaded 2 times (x 90B)
Class com.google.common.collect.ImmutableEnumMap                                      : loaded 2 times (x 125B)
Class com.google.common.collect.ListMultimap                                          : loaded 2 times (x 70B)
Class org.gradle.tooling.internal.gradle.DefaultProjectIdentifier                     : loaded 2 times (x 86B)
Class com.google.common.collect.Sets$1                                                : loaded 2 times (x 139B)
Class org.objectweb.asm.AnnotationVisitor                                             : loaded 2 times (x 78B)
Class com.google.common.base.Splitter                                                 : loaded 2 times (x 72B)
Class org.gradle.api.internal.DefaultClassPathProvider                                : loaded 2 times (x 76B)
Class com.google.common.collect.Sets$2                                                : loaded 2 times (x 139B)
Class [Lorg.gradle.api.internal.ClassPathProvider;                                    : loaded 2 times (x 69B)
Class org.gradle.api.internal.ClassPathProvider                                       : loaded 2 times (x 70B)
Class com.google.common.collect.Sets$3                                                : loaded 2 times (x 139B)
Class com.google.common.util.concurrent.AbstractFuture$SafeAtomicHelper               : loaded 2 times (x 79B)
Class com.google.common.cache.LocalCache$LocalLoadingCache                            : loaded 2 times (x 134B)
Class com.google.common.base.AbstractIterator$State                                   : loaded 2 times (x 79B)
Class org.gradle.internal.service.UnknownServiceException                             : loaded 2 times (x 83B)
Class com.google.common.collect.Sets$4                                                : loaded 2 times (x 139B)
Class org.objectweb.asm.ModuleVisitor                                                 : loaded 2 times (x 81B)
Class com.google.common.cache.LocalCache$Strength$1                                   : loaded 2 times (x 81B)
Class com.google.common.util.concurrent.SettableFuture                                : loaded 2 times (x 114B)
Class com.google.common.cache.LocalCache$Strength$2                                   : loaded 2 times (x 81B)
Class build_94bf7230vo5dyvu2dzqw1xlt9$_run_closure1                                   : loaded 2 times (x 139B)
Class com.google.common.cache.LocalCache$Strength$3                                   : loaded 2 times (x 81B)
Class com.google.common.collect.MapDifference                                         : loaded 2 times (x 70B)
Class com.google.common.base.Splitter$1                                               : loaded 2 times (x 77B)
Class org.objectweb.asm.FieldWriter                                                   : loaded 2 times (x 78B)
Class com.google.common.cache.CacheBuilder$NullListener                               : loaded 2 times (x 82B)
Class org.gradle.internal.classpath.TransformedClassPath                              : loaded 2 times (x 96B)
Class com.google.common.cache.CacheLoader$FunctionToCacheLoader                       : loaded 2 times (x 75B)
Class com.google.common.base.Suppliers                                                : loaded 2 times (x 71B)
Class com.google.common.collect.ImmutableCollection$Builder                           : loaded 2 times (x 76B)
Class kotlin.enums.EnumEntriesList                                                    : loaded 2 times (x 223B)
Class com.google.common.base.MoreObjects                                              : loaded 2 times (x 71B)
Class [Lorg.objectweb.asm.Type;                                                       : loaded 2 times (x 69B)
Class com.google.common.collect.Platform                                              : loaded 2 times (x 71B)
Class [Lcom.google.common.cache.CacheBuilder$OneWeigher;                              : loaded 2 times (x 69B)
Class org.gradle.internal.service.ServiceLocator                                      : loaded 2 times (x 70B)
Class com.google.common.base.Ascii                                                    : loaded 2 times (x 71B)
Class com.google.common.collect.SingletonImmutableBiMap                               : loaded 2 times (x 143B)
Class com.google.common.cache.LocalCache$1                                            : loaded 2 times (x 89B)
Class com.google.common.collect.AbstractMapEntry                                      : loaded 2 times (x 81B)
Class com.intellij.gradle.toolingExtension.util.GradleVersionUtil                     : loaded 2 times (x 71B)
Class sync_studio_tooling6_1m896j75p71qnm09mwbwdcxmn                                  : loaded 2 times (x 179B)
Class org.gradle.tooling.model.UnsupportedMethodException                             : loaded 2 times (x 82B)
Class com.google.common.cache.LocalCache$2                                            : loaded 2 times (x 142B)
Class com.google.common.collect.AbstractMultimap                                      : loaded 2 times (x 123B)
Class com.google.common.util.concurrent.AbstractFuture$UnsafeAtomicHelper$1           : loaded 2 times (x 76B)
Class com.google.common.collect.RegularImmutableAsList                                : loaded 2 times (x 216B)
Class com.google.common.util.concurrent.AbstractFuture$Trusted                        : loaded 2 times (x 70B)
Class org.objectweb.asm.MethodTooLargeException                                       : loaded 2 times (x 83B)
Class com.google.common.base.CharMatcher$RangesMatcher                                : loaded 2 times (x 112B)
Class com.google.common.util.concurrent.UncheckedExecutionException                   : loaded 2 times (x 82B)
Class org.gradle.internal.operations.MultipleBuildOperationFailures                   : loaded 2 times (x 95B)
Class com.google.common.base.CharMatcher$JavaLetterOrDigit                            : loaded 2 times (x 111B)
Class org.gradle.internal.InternalTransformer                                         : loaded 2 times (x 70B)
Class org.objectweb.asm.ClassWriter                                                   : loaded 2 times (x 106B)
Class com.google.common.cache.CacheLoader$UnsupportedLoadingOperationException        : loaded 2 times (x 82B)
Class com.google.common.base.CharMatcher$And                                          : loaded 2 times (x 112B)
Class org.gradle.internal.time.DefaultTimer                                           : loaded 2 times (x 80B)
Class org.gradle.internal.classloader.ClasspathUtil$1                                 : loaded 2 times (x 76B)
Class org.objectweb.asm.FieldVisitor                                                  : loaded 2 times (x 77B)
Class com.google.common.collect.IndexedImmutableSet                                   : loaded 2 times (x 150B)
Class com.google.common.collect.ImmutableMap$1                                        : loaded 2 times (x 81B)
Class com.google.common.collect.BiMap                                                 : loaded 2 times (x 70B)
Class org.gradle.api.internal.classpath.DefaultModuleRegistry$DefaultModule           : loaded 2 times (x 86B)
Class com.google.common.primitives.Ints                                               : loaded 2 times (x 71B)
Class org.objectweb.asm.ClassVisitor                                                  : loaded 2 times (x 88B)
Class com.google.common.math.MathPreconditions                                        : loaded 2 times (x 71B)
Class com.google.common.collect.Multiset                                              : loaded 2 times (x 70B)
Class com.google.common.collect.ArrayListMultimapGwtSerializationDependencies         : loaded 2 times (x 172B)
Class com.google.common.collect.ObjectArrays                                          : loaded 2 times (x 71B)
Class [Lorg.objectweb.asm.Symbol;                                                     : loaded 2 times (x 69B)
Class org.gradle.internal.time.DefaultCountdownTimer                                  : loaded 2 times (x 88B)
Class com.google.common.collect.ImmutableMapEntrySet                                  : loaded 2 times (x 151B)
Class org.gradle.tooling.internal.gradle.DefaultBuildIdentifier                       : loaded 2 times (x 79B)
Class org.gradle.api.internal.classpath.Module                                        : loaded 2 times (x 70B)
Class com.google.common.cache.Weigher                                                 : loaded 2 times (x 70B)
Class org.gradle.api.internal.classpath.UnknownModuleException                        : loaded 2 times (x 82B)
Class org.gradle.cache.GlobalCache                                                    : loaded 2 times (x 70B)
Class com.google.common.base.Stopwatch                                                : loaded 2 times (x 72B)
Class com.google.common.cache.LocalCache$Strength                                     : loaded 2 times (x 81B)
Class com.google.common.cache.Cache                                                   : loaded 2 times (x 70B)
Class com.google.common.util.concurrent.AbstractFuture$Cancellation                   : loaded 2 times (x 72B)
Class com.google.common.collect.ImmutableMap$Builder                                  : loaded 2 times (x 82B)
Class com.google.common.base.NullnessCasts                                            : loaded 2 times (x 71B)
Class build_94bf7230vo5dyvu2dzqw1xlt9                                                 : loaded 2 times (x 180B)
Class com.google.common.cache.RemovalListener                                         : loaded 2 times (x 70B)
Class org.gradle.tooling.internal.gradle.GradleProjectIdentity                        : loaded 2 times (x 70B)
Class org.gradle.api.internal.DefaultClassPathRegistry                                : loaded 2 times (x 76B)
Class com.google.common.primitives.IntsMethodsForWeb                                  : loaded 2 times (x 71B)
Class com.google.common.collect.Multimap                                              : loaded 2 times (x 70B)
Class org.gradle.api.internal.ClassPathRegistry                                       : loaded 2 times (x 70B)
Class org.gradle.internal.classpath.DefaultClassPath$ImmutableUniqueList              : loaded 2 times (x 199B)
Class com.google.common.cache.CacheBuilder                                            : loaded 2 times (x 72B)
Class com.google.common.collect.SingletonImmutableList                                : loaded 2 times (x 207B)
Class org.gradle.internal.classpath.ClassPath                                         : loaded 2 times (x 70B)
Class org.gradle.api.UncheckedIOException                                             : loaded 2 times (x 82B)
Class com.google.common.collect.ImmutableList$ReverseImmutableList                    : loaded 2 times (x 208B)
Class com.google.common.base.JdkPattern                                               : loaded 2 times (x 75B)
Class org.objectweb.asm.SymbolTable$Entry                                             : loaded 2 times (x 74B)
Class com.google.common.util.concurrent.AbstractFuture$AtomicHelper                   : loaded 2 times (x 78B)
Class org.objectweb.asm.Edge                                                          : loaded 2 times (x 72B)
Class com.google.common.base.Suppliers$SupplierOfInstance                             : loaded 2 times (x 79B)
Class com.google.common.collect.ImmutableMap$MapViewOfValuesAsSingletonSets           : loaded 2 times (x 125B)
Class org.gradle.tooling.model.Model                                                  : loaded 2 times (x 70B)
Class com.google.common.cache.LocalCache$ComputingValueReference                      : loaded 2 times (x 96B)
Class com.google.common.collect.SingletonImmutableSet                                 : loaded 2 times (x 146B)
Class com.google.common.collect.ImmutableMap$IteratorBasedImmutableMap                : loaded 2 times (x 125B)
Class build_94bf7230vo5dyvu2dzqw1xlt9$_run_closure1$_closure3                         : loaded 2 times (x 139B)
Class kotlin.UninitializedPropertyAccessException                                     : loaded 2 times (x 82B)
Class com.google.common.cache.LocalCache$Segment                                      : loaded 2 times (x 154B)
Class [Lorg.objectweb.asm.SymbolTable$Entry;                                          : loaded 2 times (x 69B)
Class com.google.common.cache.CacheLoader                                             : loaded 2 times (x 74B)
Class com.google.common.collect.RegularImmutableMap                                   : loaded 2 times (x 121B)
Class com.google.common.collect.ImmutableBiMap                                        : loaded 2 times (x 143B)
Class com.google.common.collect.AbstractListMultimap                                  : loaded 2 times (x 172B)
Class org.gradle.internal.installation.GradleInstallation$1                           : loaded 2 times (x 75B)
Class org.gradle.api.internal.classpath.ModuleRegistry                                : loaded 2 times (x 70B)
Class com.google.common.util.concurrent.internal.InternalFutureFailureAccess          : loaded 2 times (x 72B)
Class org.gradle.api.internal.classpath.ManifestUtil                                  : loaded 2 times (x 71B)
Class com.google.common.collect.ImmutableSet$JdkBackedSetBuilderImpl                  : loaded 2 times (x 76B)
Class com.google.common.base.Splitter$SplittingIterator                               : loaded 2 times (x 84B)
Class com.google.common.util.concurrent.AbstractFuture$UnsafeAtomicHelper             : loaded 2 times (x 78B)
Class com.google.common.cache.LocalCache$LocalManualCache$1                           : loaded 2 times (x 75B)
Class com.google.common.base.CharMatcher$ForPredicate                                 : loaded 2 times (x 112B)
Class com.google.common.collect.ImmutableList$1                                       : loaded 2 times (x 97B)
Class com.google.common.base.CharMatcher$AnyOf                                        : loaded 2 times (x 112B)
Class org.gradle.api.internal.classpath.DefaultModuleRegistry                         : loaded 2 times (x 86B)
Class com.google.common.util.concurrent.ListenableFuture                              : loaded 2 times (x 70B)
Class com.google.common.cache.ReferenceEntry                                          : loaded 2 times (x 70B)
Class com.google.common.collect.ImmutableSet$CachingAsList                            : loaded 2 times (x 147B)
Class com.google.common.base.Converter                                                : loaded 2 times (x 90B)
Class com.google.common.util.concurrent.ExecutionError                                : loaded 2 times (x 82B)
Class com.google.common.base.CharMatcher$Any                                          : loaded 2 times (x 112B)
Class com.google.common.util.concurrent.AbstractFuture                                : loaded 2 times (x 106B)
Class com.google.common.base.FunctionalEquivalence                                    : loaded 2 times (x 83B)
Class com.google.common.collect.ImmutableEnumSet                                      : loaded 2 times (x 146B)
Class com.google.common.collect.AbstractMapBasedMultimap                              : loaded 2 times (x 139B)
Class org.gradle.internal.classloader.ClassLoaderHierarchy                            : loaded 2 times (x 70B)
Class org.objectweb.asm.RecordComponentVisitor                                        : loaded 2 times (x 77B)
Class com.google.common.cache.CacheLoader$SupplierToCacheLoader                       : loaded 2 times (x 75B)
Class com.google.common.collect.Maps$EntryTransformer                                 : loaded 2 times (x 70B)
Class org.gradle.internal.time.MonotonicClock                                         : loaded 2 times (x 77B)
Class org.gradle.internal.service.ServiceLookupException                              : loaded 2 times (x 82B)
Class [Lcom.google.common.cache.LocalCache$EntryFactory;                              : loaded 2 times (x 69B)
Class com.google.common.base.CharMatcher$JavaLetter                                   : loaded 2 times (x 111B)
Class org.gradle.internal.classloader.ClassLoaderFactory                              : loaded 2 times (x 70B)
Class com.google.common.cache.LocalCache$LocalManualCache                             : loaded 2 times (x 99B)
Class com.google.common.base.CharMatcher$IsNot                                        : loaded 2 times (x 111B)
Class com.google.common.base.CommonPattern                                            : loaded 2 times (x 74B)
Class org.gradle.internal.service.CachingServiceLocator                               : loaded 2 times (x 82B)
Class com.google.common.math.IntMath                                                  : loaded 2 times (x 71B)
Class com.google.common.collect.Iterators$10                                          : loaded 2 times (x 81B)
Class com.google.common.collect.ImmutableMapEntry                                     : loaded 2 times (x 85B)
Class com.google.common.base.CharMatcher$JavaDigit                                    : loaded 2 times (x 111B)
Class org.gradle.internal.time.TimeSource                                             : loaded 2 times (x 70B)
Class com.google.common.base.Equivalence                                              : loaded 2 times (x 82B)
Class com.google.common.collect.ImmutableMapEntry$NonTerminalImmutableMapEntry        : loaded 2 times (x 85B)
Class com.google.common.base.Function                                                 : loaded 2 times (x 70B)
Class org.gradle.tooling.internal.gradle.GradleBuildIdentity                          : loaded 2 times (x 70B)
Class kotlin.enums.EnumEntries                                                        : loaded 2 times (x 70B)
Class com.google.common.cache.CacheBuilder$OneWeigher                                 : loaded 2 times (x 82B)
Class com.google.common.collect.RegularImmutableList                                  : loaded 2 times (x 212B)
Class org.gradle.internal.exceptions.ResolutionProvider                               : loaded 2 times (x 70B)
Class com.google.common.collect.ImmutableBiMapFauxverideShim                          : loaded 2 times (x 120B)
Class org.gradle.tooling.model.ProjectIdentifier                                      : loaded 2 times (x 70B)
Class org.gradle.internal.classloader.ClasspathUtil                                   : loaded 2 times (x 71B)
Class com.google.common.base.Charsets                                                 : loaded 2 times (x 71B)
Class com.google.common.util.concurrent.Uninterruptibles                              : loaded 2 times (x 71B)
Class com.google.common.collect.Maps                                                  : loaded 2 times (x 71B)
Class com.google.common.base.CharMatcher$JavaUpperCase                                : loaded 2 times (x 111B)
Class org.gradle.internal.time.TimeSource$1                                           : loaded 2 times (x 77B)
Class kotlin.jvm.internal.DefaultConstructorMarker                                    : loaded 2 times (x 71B)
Class org.gradle.api.specs.Spec                                                       : loaded 2 times (x 70B)
Class [Lcom.google.common.collect.ImmutableEntry;                                     : loaded 2 times (x 69B)
Class com.google.common.cache.LocalCache$LoadingValueReference                        : loaded 2 times (x 96B)
Class com.google.common.base.Platform                                                 : loaded 2 times (x 71B)
Class com.intellij.gradle.toolingExtension.impl.model.utilDummyModel.DummyModel       : loaded 2 times (x 70B)
Class org.gradle.internal.time.Clock                                                  : loaded 2 times (x 70B)
Class com.google.common.primitives.Ints$IntConverter                                  : loaded 2 times (x 90B)
Class com.google.common.collect.Maps$8                                                : loaded 2 times (x 82B)
Class kotlin.collections.AbstractList                                                 : loaded 2 times (x 197B)
Class kotlin.collections.AbstractCollection                                           : loaded 2 times (x 117B)
Class com.google.common.collect.Sets$SetView                                          : loaded 2 times (x 138B)
Class com.google.common.cache.LocalCache$StrongValueReference                         : loaded 2 times (x 90B)
Class com.google.common.util.concurrent.AbstractFuture$SynchronizedHelper             : loaded 2 times (x 78B)
Class com.google.common.base.CharMatcher$Invisible                                    : loaded 2 times (x 112B)
Class org.objectweb.asm.Type                                                          : loaded 2 times (x 72B)
Class sync_studio_tooling6_1m896j75p71qnm09mwbwdcxmn$_run_closure1                    : loaded 2 times (x 139B)
Class org.gradle.internal.classloader.VisitableURLClassLoader$InstrumentingVisitableURLClassLoader: loaded 2 times (x 123B)
Class org.objectweb.asm.ByteVector                                                    : loaded 2 times (x 79B)
Class [Lcom.google.common.cache.CacheBuilder$NullListener;                            : loaded 2 times (x 69B)
Class com.google.common.math.IntMath$1                                                : loaded 2 times (x 71B)
Class org.gradle.internal.classloader.VisitableURLClassLoader$Spec                    : loaded 2 times (x 74B)
Class org.gradle.internal.classpath.DefaultClassPath                                  : loaded 2 times (x 90B)
Class org.objectweb.asm.Symbol                                                        : loaded 2 times (x 73B)
Class com.google.common.base.AbstractIterator                                         : loaded 2 times (x 80B)
Class org.gradle.util.internal.DefaultGradleVersion                                   : loaded 2 times (x 82B)
Class com.google.common.collect.RegularImmutableMap$Values                            : loaded 2 times (x 207B)
Class com.google.common.collect.ImmutableSet                                          : loaded 2 times (x 145B)
Class com.google.common.base.CharMatcher$BitSetMatcher                                : loaded 2 times (x 112B)
Class com.google.common.base.CharMatcher$Ascii                                        : loaded 2 times (x 112B)
Class org.gradle.internal.classloader.ClassLoaderSpec                                 : loaded 2 times (x 71B)
Class org.objectweb.asm.AnnotationWriter                                              : loaded 2 times (x 79B)
Class com.google.common.cache.CacheStats                                              : loaded 2 times (x 71B)
Class org.objectweb.asm.RecordComponentWriter                                         : loaded 2 times (x 78B)
Class com.google.common.util.concurrent.AbstractFuture$Listener                       : loaded 2 times (x 72B)
Class com.google.common.base.CharMatcher$Or                                           : loaded 2 times (x 112B)
Class org.objectweb.asm.Attribute                                                     : loaded 2 times (x 77B)
Class com.google.common.base.Supplier                                                 : loaded 2 times (x 70B)
Class org.gradle.internal.classloader.VisitableURLClassLoader                         : loaded 2 times (x 117B)
Class com.google.common.util.concurrent.AbstractFuture$Waiter                         : loaded 2 times (x 72B)
Class com.google.common.base.CharMatcher$IsEither                                     : loaded 2 times (x 111B)
Class [Lcom.google.common.base.AbstractIterator$State;                                : loaded 2 times (x 69B)
Class com.google.common.collect.Sets                                                  : loaded 2 times (x 71B)
Class org.objectweb.asm.Handler                                                       : loaded 2 times (x 72B)
Class com.google.common.base.Ticker                                                   : loaded 2 times (x 72B)
Class com.google.common.base.Strings                                                  : loaded 2 times (x 71B)
Class com.google.common.base.CharMatcher$FastMatcher                                  : loaded 2 times (x 111B)
Class org.gradle.internal.agents.InstrumentingClassLoader                             : loaded 2 times (x 70B)
Class [Lcom.google.common.cache.LocalCache$Segment;                                   : loaded 2 times (x 69B)
Class [Lcom.google.common.cache.LocalCache$Strength;                                  : loaded 2 times (x 69B)
Class com.google.common.cache.CacheBuilder$1                                          : loaded 2 times (x 85B)
Class com.google.common.collect.ImmutableMap                                          : loaded 2 times (x 120B)
Class com.google.common.base.Predicate                                                : loaded 2 times (x 70B)
Class org.gradle.internal.classpath.DefaultClassPath$ImmutableUniqueList$Builder      : loaded 2 times (x 75B)
Class com.google.common.cache.LocalCache                                              : loaded 2 times (x 187B)
Class com.google.common.cache.CacheBuilder$2                                          : loaded 2 times (x 72B)
Class com.google.common.base.CharMatcher$NegatedFastMatcher                           : loaded 2 times (x 113B)
Class ijInit1_c4wp4y42nc6fmz0i0llg6lzdt                                               : loaded 2 times (x 179B)
Class [Lcom.google.common.collect.AbstractMapEntry;                                   : loaded 2 times (x 69B)
Class com.google.common.collect.ImmutableEntry                                        : loaded 2 times (x 82B)
Class com.google.common.collect.ArrayListMultimap                                     : loaded 2 times (x 172B)
Class com.google.common.base.AbstractIterator$1                                       : loaded 2 times (x 71B)
Class com.google.common.base.CharMatcher$Digit                                        : loaded 2 times (x 112B)
Class org.gradle.internal.classloader.FilteringClassLoader                            : loaded 2 times (x 105B)
Class org.gradle.internal.exceptions.NonGradleCauseExceptionsHolder                   : loaded 2 times (x 70B)
Class com.google.common.collect.CollectPreconditions                                  : loaded 2 times (x 71B)
Class com.google.common.base.CharMatcher$JavaIsoControl                               : loaded 2 times (x 112B)
Class com.google.common.collect.SortedMapDifference                                   : loaded 2 times (x 70B)
Class com.google.common.base.CharMatcher$JavaLowerCase                                : loaded 2 times (x 111B)
Class com.google.common.cache.LocalCache$EntryFactory                                 : loaded 2 times (x 83B)
Class com.google.common.cache.LocalCache$AbstractReferenceEntry                       : loaded 2 times (x 107B)
Class com.google.common.base.Splitter$1$1                                             : loaded 2 times (x 86B)
Class com.google.common.base.CharMatcher$Whitespace                                   : loaded 2 times (x 112B)
Class kotlin.NotImplementedError                                                      : loaded 2 times (x 82B)
Class kotlin.enums.EnumEntriesKt                                                      : loaded 2 times (x 71B)
Class org.objectweb.asm.SymbolTable                                                   : loaded 2 times (x 72B)
Class com.google.common.cache.CacheLoader$InvalidCacheLoadException                   : loaded 2 times (x 82B)
Class com.google.common.collect.ImmutableSet$RegularSetBuilderImpl                    : loaded 2 times (x 77B)
Class com.google.common.base.CharMatcher$SingleWidth                                  : loaded 2 times (x 112B)
Class org.gradle.internal.classloader.SystemClassLoaderSpec                           : loaded 2 times (x 71B)
Class com.google.common.cache.LocalCache$StrongEntry                                  : loaded 2 times (x 108B)
Class com.google.common.util.concurrent.AbstractFuture$TrustedFuture                  : loaded 2 times (x 114B)
Class com.google.common.cache.LoadingCache                                            : loaded 2 times (x 70B)
Class org.gradle.internal.exceptions.MultiCauseException                              : loaded 2 times (x 70B)
Class org.gradle.internal.time.CountdownTimer                                         : loaded 2 times (x 70B)
Class kotlin.jvm.internal.Intrinsics                                                  : loaded 2 times (x 71B)
Class org.objectweb.asm.MethodWriter                                                  : loaded 2 times (x 106B)
Class [Lcom.google.common.cache.Weigher;                                              : loaded 2 times (x 69B)
Class com.google.common.collect.RegularImmutableMap$BucketOverflowException           : loaded 2 times (x 82B)
Class org.gradle.tooling.model.ProjectModel                                           : loaded 2 times (x 70B)
Class kotlin.KotlinNullPointerException                                               : loaded 2 times (x 83B)
Class com.google.common.collect.RegularImmutableBiMap                                 : loaded 2 times (x 148B)
Class com.google.common.cache.LocalCache$ValueReference                               : loaded 2 times (x 70B)
Class com.google.common.base.CharMatcher$Negated                                      : loaded 2 times (x 113B)
Class com.google.common.base.CharMatcher$Is                                           : loaded 2 times (x 111B)
Class org.gradle.internal.exceptions.DefaultMultiCauseException                       : loaded 2 times (x 95B)
Class com.google.common.util.concurrent.AbstractFuture$Failure                        : loaded 2 times (x 72B)
Class com.google.common.base.Equivalence$Equals                                       : loaded 2 times (x 82B)
Class com.google.common.collect.Hashing                                               : loaded 2 times (x 71B)
Class com.google.common.base.PatternCompiler                                          : loaded 2 times (x 70B)
Class com.google.common.collect.RegularImmutableMap$KeySet                            : loaded 2 times (x 150B)
Class org.objectweb.asm.Label                                                         : loaded 2 times (x 73B)
Class org.objectweb.asm.CurrentFrame                                                  : loaded 2 times (x 73B)
Class org.objectweb.asm.ClassTooLargeException                                        : loaded 2 times (x 83B)
Class com.google.common.base.Equivalence$Identity                                     : loaded 2 times (x 82B)
Class com.google.common.base.CharMatcher                                              : loaded 2 times (x 111B)
Class org.gradle.internal.time.Time                                                   : loaded 2 times (x 71B)
Class org.objectweb.asm.Frame                                                         : loaded 2 times (x 73B)
Class org.objectweb.asm.MethodVisitor                                                 : loaded 2 times (x 105B)
Class com.google.common.cache.LocalCache$EntryFactory$1                               : loaded 2 times (x 83B)
Class [Lcom.google.common.cache.RemovalListener;                                      : loaded 2 times (x 69B)
Class com.google.common.base.CharMatcher$1                                            : loaded 2 times (x 113B)
Class com.google.common.base.CharMatcher$NamedFastMatcher                             : loaded 2 times (x 112B)
Class com.google.common.cache.LocalCache$EntryFactory$2                               : loaded 2 times (x 83B)
Class org.objectweb.asm.ModuleWriter                                                  : loaded 2 times (x 82B)
Class com.google.common.cache.LocalCache$EntryFactory$3                               : loaded 2 times (x 83B)
Class com.google.common.base.Ticker$1                                                 : loaded 2 times (x 72B)
Class com.google.common.collect.ImmutableMapEntrySet$RegularEntrySet                  : loaded 2 times (x 151B)
Class com.google.common.collect.Maps$BiMapConverter                                   : loaded 2 times (x 90B)
Class org.gradle.tooling.model.BuildIdentifier                                        : loaded 2 times (x 70B)
Class kotlin.NoWhenBranchMatchedException                                             : loaded 2 times (x 82B)
Class com.google.common.cache.LocalCache$EntryFactory$4                               : loaded 2 times (x 83B)
Class com.google.common.collect.ImmutableSet$Builder                                  : loaded 2 times (x 85B)
Class com.google.common.base.CharMatcher$InRange                                      : loaded 2 times (x 111B)
Class com.google.common.cache.LocalCache$EntryFactory$5                               : loaded 2 times (x 83B)
Class com.google.common.cache.LocalCache$EntryFactory$6                               : loaded 2 times (x 83B)
Class org.gradle.internal.time.Timer                                                  : loaded 2 times (x 70B)
Class kotlin.jvm.internal.markers.KMappedMarker                                       : loaded 2 times (x 70B)
Class org.gradle.internal.installation.CurrentGradleInstallationLocator               : loaded 2 times (x 71B)
Class com.google.common.cache.LocalCache$EntryFactory$7                               : loaded 2 times (x 83B)
Class com.google.common.collect.ImmutableSet$EmptySetBuilderImpl                      : loaded 2 times (x 76B)
Class com.google.common.collect.ImmutableAsList                                       : loaded 2 times (x 209B)
Class org.gradle.internal.service.DefaultServiceLocator                               : loaded 2 times (x 83B)
Class com.google.common.cache.LocalCache$EntryFactory$8                               : loaded 2 times (x 83B)
Class com.google.common.collect.ImmutableSet$SetBuilderImpl                           : loaded 2 times (x 76B)
Class org.gradle.util.GradleVersion                                                   : loaded 2 times (x 81B)
Class org.gradle.internal.installation.CurrentGradleInstallation                      : loaded 2 times (x 73B)
Class com.google.common.cache.CacheLoader$1                                           : loaded 2 times (x 75B)
Class com.google.common.collect.ImmutableList$SubList                                 : loaded 2 times (x 208B)
Class org.gradle.util.internal.GUtil                                                  : loaded 2 times (x 71B)
Class com.google.common.util.concurrent.AbstractFuture$SetFuture                      : loaded 2 times (x 75B)
Class com.google.common.cache.AbstractCache$StatsCounter                              : loaded 2 times (x 70B)
Class com.google.common.base.PairwiseEquivalence                                      : loaded 2 times (x 83B)
Class com.google.common.collect.RegularImmutableSet                                   : loaded 2 times (x 148B)
Class org.gradle.internal.installation.GradleInstallation                             : loaded 2 times (x 75B)
Class com.google.common.collect.Iterables                                             : loaded 2 times (x 71B)
Class com.google.common.base.Splitter$Strategy                                        : loaded 2 times (x 70B)

---------------  S Y S T E M  ---------------

OS:
 Windows 11 , 64 bit Build 26100 (10.0.26100.8328)
OS uptime: 0 days 3:25 hours

CPU: total 8 (initial active 8) (4 cores per cpu, 2 threads per core) family 6 model 126 stepping 5 microcode 0xa6, cx8, cmov, fxsr, ht, mmx, 3dnowpref, sse, sse2, sse3, ssse3, sse4.1, sse4.2, popcnt, lzcnt, tsc, tscinvbit, avx, avx2, aes, erms, clmul, bmi1, bmi2, adx, avx512f, avx512dq, avx512cd, avx512bw, avx512vl, sha, fma, vzeroupper, avx512_vpopcntdq, avx512_vpclmulqdq, avx512_vaes, avx512_vnni, clflush, clflushopt, avx512_vbmi2, avx512_vbmi, rdtscp, rdpid, fsrm, gfni, avx512_bitalg, f16c, pku, avx512_ifma
Processor Information for the first 8 processors :
  Max Mhz: 1190, Current Mhz: 991, Mhz Limit: 987

Memory: 4k page, system-wide physical 12092M (1627M free)
TotalPageFile size 22332M (AvailPageFile size 5022M)
current process WorkingSet (physical memory assigned to process): 375M, peak: 375M
current process commit charge ("private bytes"): 409M, peak: 409M

vm_info: OpenJDK 64-Bit Server VM (21.0.9+-14787801-b1163.94) for windows-amd64 JRE (21.0.9+-14787801-b1163.94), built on 2026-01-27T21:15:44Z by "builder" with MS VC++ 16.10 / 16.11 (VS2019)

END.
